id,name,code,division_type,state_id:id
ward_vn_00004,Phường Ba Đình,00004,phuong,base.state_vn_VN-HN
ward_vn_00008,Phường Ngọc Hà,00008,phuong,base.state_vn_VN-HN
ward_vn_00025,Phường Giảng Võ,00025,phuong,base.state_vn_VN-HN
ward_vn_00070,Phường Hoàn Kiếm,00070,phuong,base.state_vn_VN-HN
ward_vn_00082,Phường Cửa Nam,00082,phuong,base.state_vn_VN-HN
ward_vn_00091,Phường Phú Thượng,00091,phuong,base.state_vn_VN-HN
ward_vn_00097,Phường Hồng Hà,00097,phuong,base.state_vn_VN-HN
ward_vn_00103,Phường Tây Hồ,00103,phuong,base.state_vn_VN-HN
ward_vn_00118,Phường Bồ Đề,00118,phuong,base.state_vn_VN-HN
ward_vn_00127,Phường Việt Hưng,00127,phuong,base.state_vn_VN-HN
ward_vn_00136,Phường Phúc Lợi,00136,phuong,base.state_vn_VN-HN
ward_vn_00145,Phường Long Biên,00145,phuong,base.state_vn_VN-HN
ward_vn_00160,Phường Nghĩa Đô,00160,phuong,base.state_vn_VN-HN
ward_vn_00166,Phường Cầu Giấy,00166,phuong,base.state_vn_VN-HN
ward_vn_00175,Phường Yên Hòa,00175,phuong,base.state_vn_VN-HN
ward_vn_00190,Phường Ô Chợ Dừa,00190,phuong,base.state_vn_VN-HN
ward_vn_00199,Phường Láng,00199,phuong,base.state_vn_VN-HN
ward_vn_00226,Phường Văn Miếu - Quốc Tử Giám,00226,phuong,base.state_vn_VN-HN
ward_vn_00229,Phường Kim Liên,00229,phuong,base.state_vn_VN-HN
ward_vn_00235,Phường Đống Đa,00235,phuong,base.state_vn_VN-HN
ward_vn_00256,Phường Hai Bà Trưng,00256,phuong,base.state_vn_VN-HN
ward_vn_00283,Phường Vĩnh Tuy,00283,phuong,base.state_vn_VN-HN
ward_vn_00292,Phường Bạch Mai,00292,phuong,base.state_vn_VN-HN
ward_vn_00301,Phường Vĩnh Hưng,00301,phuong,base.state_vn_VN-HN
ward_vn_00316,Phường Định Công,00316,phuong,base.state_vn_VN-HN
ward_vn_00322,Phường Tương Mai,00322,phuong,base.state_vn_VN-HN
ward_vn_00328,Phường Lĩnh Nam,00328,phuong,base.state_vn_VN-HN
ward_vn_00331,Phường Hoàng Mai,00331,phuong,base.state_vn_VN-HN
ward_vn_00337,Phường Hoàng Liệt,00337,phuong,base.state_vn_VN-HN
ward_vn_00340,Phường Yên Sở,00340,phuong,base.state_vn_VN-HN
ward_vn_00352,Phường Phương Liệt,00352,phuong,base.state_vn_VN-HN
ward_vn_00364,Phường Khương Đình,00364,phuong,base.state_vn_VN-HN
ward_vn_00367,Phường Thanh Xuân,00367,phuong,base.state_vn_VN-HN
ward_vn_00376,Xã Sóc Sơn,00376,xa,base.state_vn_VN-HN
ward_vn_00382,Xã Kim Anh,00382,xa,base.state_vn_VN-HN
ward_vn_00385,Xã Trung Giã,00385,xa,base.state_vn_VN-HN
ward_vn_00430,Xã Đa Phúc,00430,xa,base.state_vn_VN-HN
ward_vn_00433,Xã Nội Bài,00433,xa,base.state_vn_VN-HN
ward_vn_00454,Xã Đông Anh,00454,xa,base.state_vn_VN-HN
ward_vn_00466,Xã Phúc Thịnh,00466,xa,base.state_vn_VN-HN
ward_vn_00475,Xã Thư Lâm,00475,xa,base.state_vn_VN-HN
ward_vn_00493,Xã Thiên Lộc,00493,xa,base.state_vn_VN-HN
ward_vn_00508,Xã Vĩnh Thanh,00508,xa,base.state_vn_VN-HN
ward_vn_00541,Xã Phù Đổng,00541,xa,base.state_vn_VN-HN
ward_vn_00562,Xã Thuận An,00562,xa,base.state_vn_VN-HN
ward_vn_00565,Xã Gia Lâm,00565,xa,base.state_vn_VN-HN
ward_vn_00577,Xã Bát Tràng,00577,xa,base.state_vn_VN-HN
ward_vn_00592,Phường Từ Liêm,00592,phuong,base.state_vn_VN-HN
ward_vn_00598,Phường Thượng Cát,00598,phuong,base.state_vn_VN-HN
ward_vn_00602,Phường Đông Ngạc,00602,phuong,base.state_vn_VN-HN
ward_vn_00611,Phường Xuân Đỉnh,00611,phuong,base.state_vn_VN-HN
ward_vn_00613,Phường Tây Tựu,00613,phuong,base.state_vn_VN-HN
ward_vn_00619,Phường Phú Diễn,00619,phuong,base.state_vn_VN-HN
ward_vn_00622,Phường Xuân Phương,00622,phuong,base.state_vn_VN-HN
ward_vn_00634,Phường Tây Mỗ,00634,phuong,base.state_vn_VN-HN
ward_vn_00637,Phường Đại Mỗ,00637,phuong,base.state_vn_VN-HN
ward_vn_00640,Xã Thanh Trì,00640,xa,base.state_vn_VN-HN
ward_vn_00643,Phường Thanh Liệt,00643,phuong,base.state_vn_VN-HN
ward_vn_00664,Xã Đại Thanh,00664,xa,base.state_vn_VN-HN
ward_vn_00679,Xã Ngọc Hồi,00679,xa,base.state_vn_VN-HN
ward_vn_00685,Xã Nam Phù,00685,xa,base.state_vn_VN-HN
ward_vn_04930,Xã Yên Xuân,04930,xa,base.state_vn_VN-HN
ward_vn_08974,Xã Quang Minh,08974,xa,base.state_vn_VN-HN
ward_vn_08980,Xã Yên Lãng,08980,xa,base.state_vn_VN-HN
ward_vn_08995,Xã Tiến Thắng,08995,xa,base.state_vn_VN-HN
ward_vn_09022,Xã Mê Linh,09022,xa,base.state_vn_VN-HN
ward_vn_09552,Phường Kiến Hưng,09552,phuong,base.state_vn_VN-HN
ward_vn_09556,Phường Hà Đông,09556,phuong,base.state_vn_VN-HN
ward_vn_09562,Phường Yên Nghĩa,09562,phuong,base.state_vn_VN-HN
ward_vn_09568,Phường Phú Lương,09568,phuong,base.state_vn_VN-HN
ward_vn_09574,Phường Sơn Tây,09574,phuong,base.state_vn_VN-HN
ward_vn_09604,Phường Tùng Thiện,09604,phuong,base.state_vn_VN-HN
ward_vn_09616,Xã Đoài Phương,09616,xa,base.state_vn_VN-HN
ward_vn_09619,Xã Quảng Oai,09619,xa,base.state_vn_VN-HN
ward_vn_09634,Xã Cổ Đô,09634,xa,base.state_vn_VN-HN
ward_vn_09661,Xã Minh Châu,09661,xa,base.state_vn_VN-HN
ward_vn_09664,Xã Vật Lại,09664,xa,base.state_vn_VN-HN
ward_vn_09676,Xã Bất Bạt,09676,xa,base.state_vn_VN-HN
ward_vn_09694,Xã Suối Hai,09694,xa,base.state_vn_VN-HN
ward_vn_09700,Xã Ba Vì,09700,xa,base.state_vn_VN-HN
ward_vn_09706,Xã Yên Bài,09706,xa,base.state_vn_VN-HN
ward_vn_09715,Xã Phúc Thọ,09715,xa,base.state_vn_VN-HN
ward_vn_09739,Xã Phúc Lộc,09739,xa,base.state_vn_VN-HN
ward_vn_09772,Xã Hát Môn,09772,xa,base.state_vn_VN-HN
ward_vn_09784,Xã Đan Phượng,09784,xa,base.state_vn_VN-HN
ward_vn_09787,Xã Liên Minh,09787,xa,base.state_vn_VN-HN
ward_vn_09817,Xã Ô Diên,09817,xa,base.state_vn_VN-HN
ward_vn_09832,Xã Hoài Đức,09832,xa,base.state_vn_VN-HN
ward_vn_09856,Xã Dương Hòa,09856,xa,base.state_vn_VN-HN
ward_vn_09871,Xã Sơn Đồng,09871,xa,base.state_vn_VN-HN
ward_vn_09877,Xã An Khánh,09877,xa,base.state_vn_VN-HN
ward_vn_09886,Phường Dương Nội,09886,phuong,base.state_vn_VN-HN
ward_vn_09895,Xã Quốc Oai,09895,xa,base.state_vn_VN-HN
ward_vn_09910,Xã Kiều Phú,09910,xa,base.state_vn_VN-HN
ward_vn_09931,Xã Hưng Đạo,09931,xa,base.state_vn_VN-HN
ward_vn_09952,Xã Phú Cát,09952,xa,base.state_vn_VN-HN
ward_vn_09955,Xã Thạch Thất,09955,xa,base.state_vn_VN-HN
ward_vn_09982,Xã Hạ Bằng,09982,xa,base.state_vn_VN-HN
ward_vn_09988,Xã Hòa Lạc,09988,xa,base.state_vn_VN-HN
ward_vn_10003,Xã Tây Phương,10003,xa,base.state_vn_VN-HN
ward_vn_10015,Phường Chương Mỹ,10015,phuong,base.state_vn_VN-HN
ward_vn_10030,Xã Phú Nghĩa,10030,xa,base.state_vn_VN-HN
ward_vn_10045,Xã Xuân Mai,10045,xa,base.state_vn_VN-HN
ward_vn_10072,Xã Quảng Bị,10072,xa,base.state_vn_VN-HN
ward_vn_10081,Xã Trần Phú,10081,xa,base.state_vn_VN-HN
ward_vn_10096,Xã Hòa Phú,10096,xa,base.state_vn_VN-HN
ward_vn_10114,Xã Thanh Oai,10114,xa,base.state_vn_VN-HN
ward_vn_10126,Xã Bình Minh,10126,xa,base.state_vn_VN-HN
ward_vn_10144,Xã Tam Hưng,10144,xa,base.state_vn_VN-HN
ward_vn_10180,Xã Dân Hòa,10180,xa,base.state_vn_VN-HN
ward_vn_10183,Xã Thường Tín,10183,xa,base.state_vn_VN-HN
ward_vn_10210,Xã Hồng Vân,10210,xa,base.state_vn_VN-HN
ward_vn_10231,Xã Thượng Phúc,10231,xa,base.state_vn_VN-HN
ward_vn_10237,Xã Chương Dương,10237,xa,base.state_vn_VN-HN
ward_vn_10273,Xã Phú Xuyên,10273,xa,base.state_vn_VN-HN
ward_vn_10279,Xã Phượng Dực,10279,xa,base.state_vn_VN-HN
ward_vn_10330,Xã Chuyên Mỹ,10330,xa,base.state_vn_VN-HN
ward_vn_10342,Xã Đại Xuyên,10342,xa,base.state_vn_VN-HN
ward_vn_10354,Xã Vân Đình,10354,xa,base.state_vn_VN-HN
ward_vn_10369,Xã Ứng Thiên,10369,xa,base.state_vn_VN-HN
ward_vn_10402,Xã Ứng Hòa,10402,xa,base.state_vn_VN-HN
ward_vn_10417,Xã Hòa Xá,10417,xa,base.state_vn_VN-HN
ward_vn_10441,Xã Mỹ Đức,10441,xa,base.state_vn_VN-HN
ward_vn_10459,Xã Phúc Sơn,10459,xa,base.state_vn_VN-HN
ward_vn_10465,Xã Hồng Sơn,10465,xa,base.state_vn_VN-HN
ward_vn_10489,Xã Hương Sơn,10489,xa,base.state_vn_VN-HN
ward_vn_01273,Phường Thục Phán,01273,phuong,base.state_vn_VN-04
ward_vn_01279,Phường Nùng Trí Cao,01279,phuong,base.state_vn_VN-04
ward_vn_01288,Phường Tân Giang,01288,phuong,base.state_vn_VN-04
ward_vn_01290,Xã Bảo Lâm,01290,xa,base.state_vn_VN-04
ward_vn_01294,Xã Lý Bôn,01294,xa,base.state_vn_VN-04
ward_vn_01297,Xã Nam Quang,01297,xa,base.state_vn_VN-04
ward_vn_01304,Xã Quảng Lâm,01304,xa,base.state_vn_VN-04
ward_vn_01318,Xã Yên Thổ,01318,xa,base.state_vn_VN-04
ward_vn_01321,Xã Bảo Lạc,01321,xa,base.state_vn_VN-04
ward_vn_01324,Xã Cốc Pàng,01324,xa,base.state_vn_VN-04
ward_vn_01327,Xã Cô Ba,01327,xa,base.state_vn_VN-04
ward_vn_01336,Xã Khánh Xuân,01336,xa,base.state_vn_VN-04
ward_vn_01339,Xã Xuân Trường,01339,xa,base.state_vn_VN-04
ward_vn_01351,Xã Hưng Đạo,01351,xa,base.state_vn_VN-04
ward_vn_01354,Xã Huy Giáp,01354,xa,base.state_vn_VN-04
ward_vn_01360,Xã Sơn Lộ,01360,xa,base.state_vn_VN-04
ward_vn_01363,Xã Thông Nông,01363,xa,base.state_vn_VN-04
ward_vn_01366,Xã Cần Yên,01366,xa,base.state_vn_VN-04
ward_vn_01387,Xã Thanh Long,01387,xa,base.state_vn_VN-04
ward_vn_01392,Xã Trường Hà,01392,xa,base.state_vn_VN-04
ward_vn_01393,Xã Lũng Nặm,01393,xa,base.state_vn_VN-04
ward_vn_01414,Xã Tổng Cọt,01414,xa,base.state_vn_VN-04
ward_vn_01438,Xã Hà Quảng,01438,xa,base.state_vn_VN-04
ward_vn_01447,Xã Trà Lĩnh,01447,xa,base.state_vn_VN-04
ward_vn_01456,Xã Quang Hán,01456,xa,base.state_vn_VN-04
ward_vn_01465,Xã Quang Trung,01465,xa,base.state_vn_VN-04
ward_vn_01477,Xã Trùng Khánh,01477,xa,base.state_vn_VN-04
ward_vn_01489,Xã Đình Phong,01489,xa,base.state_vn_VN-04
ward_vn_01501,Xã Đàm Thủy,01501,xa,base.state_vn_VN-04
ward_vn_01525,Xã Đoài Dương,01525,xa,base.state_vn_VN-04
ward_vn_01537,Xã Lý Quốc,01537,xa,base.state_vn_VN-04
ward_vn_01552,Xã Quang Long,01552,xa,base.state_vn_VN-04
ward_vn_01558,Xã Hạ Lang,01558,xa,base.state_vn_VN-04
ward_vn_01561,Xã Vinh Quý,01561,xa,base.state_vn_VN-04
ward_vn_01576,Xã Quảng Uyên,01576,xa,base.state_vn_VN-04
ward_vn_01594,Xã Độc Lập,01594,xa,base.state_vn_VN-04
ward_vn_01618,Xã Hạnh Phúc,01618,xa,base.state_vn_VN-04
ward_vn_01636,Xã Bế Văn Đàn,01636,xa,base.state_vn_VN-04
ward_vn_01648,Xã Phục Hòa,01648,xa,base.state_vn_VN-04
ward_vn_01654,Xã Hòa An,01654,xa,base.state_vn_VN-04
ward_vn_01660,Xã Nam Tuấn,01660,xa,base.state_vn_VN-04
ward_vn_01699,Xã Nguyễn Huệ,01699,xa,base.state_vn_VN-04
ward_vn_01708,Xã Bạch Đằng,01708,xa,base.state_vn_VN-04
ward_vn_01726,Xã Nguyên Bình,01726,xa,base.state_vn_VN-04
ward_vn_01729,Xã Tĩnh Túc,01729,xa,base.state_vn_VN-04
ward_vn_01738,Xã Ca Thành,01738,xa,base.state_vn_VN-04
ward_vn_01747,Xã Minh Tâm,01747,xa,base.state_vn_VN-04
ward_vn_01768,Xã Phan Thanh,01768,xa,base.state_vn_VN-04
ward_vn_01774,Xã Tam Kim,01774,xa,base.state_vn_VN-04
ward_vn_01777,Xã Thành Công,01777,xa,base.state_vn_VN-04
ward_vn_01786,Xã Đông Khê,01786,xa,base.state_vn_VN-04
ward_vn_01789,Xã Canh Tân,01789,xa,base.state_vn_VN-04
ward_vn_01792,Xã Kim Đồng,01792,xa,base.state_vn_VN-04
ward_vn_01795,Xã Minh Khai,01795,xa,base.state_vn_VN-04
ward_vn_01807,Xã Thạch An,01807,xa,base.state_vn_VN-04
ward_vn_01822,Xã Đức Long,01822,xa,base.state_vn_VN-04
ward_vn_00691,Phường Hà Giang 2,00691,phuong,base.state_vn_VN-07
ward_vn_00694,Phường Hà Giang 1,00694,phuong,base.state_vn_VN-07
ward_vn_00700,Xã Ngọc Đường,00700,xa,base.state_vn_VN-07
ward_vn_00706,Xã Phú Linh,00706,xa,base.state_vn_VN-07
ward_vn_00715,Xã Lũng Cú,00715,xa,base.state_vn_VN-07
ward_vn_00721,Xã Đồng Văn,00721,xa,base.state_vn_VN-07
ward_vn_00733,Xã Sà Phìn,00733,xa,base.state_vn_VN-07
ward_vn_00745,Xã Phố Bảng,00745,xa,base.state_vn_VN-07
ward_vn_00763,Xã Lũng Phìn,00763,xa,base.state_vn_VN-07
ward_vn_00769,Xã Mèo Vạc,00769,xa,base.state_vn_VN-07
ward_vn_00778,Xã Sơn Vĩ,00778,xa,base.state_vn_VN-07
ward_vn_00787,Xã Sủng Máng,00787,xa,base.state_vn_VN-07
ward_vn_00802,Xã Khâu Vai,00802,xa,base.state_vn_VN-07
ward_vn_00808,Xã Tát Ngà,00808,xa,base.state_vn_VN-07
ward_vn_00817,Xã Niêm Sơn,00817,xa,base.state_vn_VN-07
ward_vn_00820,Xã Yên Minh,00820,xa,base.state_vn_VN-07
ward_vn_00829,Xã Thắng Mố,00829,xa,base.state_vn_VN-07
ward_vn_00832,Xã Bạch Đích,00832,xa,base.state_vn_VN-07
ward_vn_00847,Xã Mậu Duệ,00847,xa,base.state_vn_VN-07
ward_vn_00859,Xã Ngọc Long,00859,xa,base.state_vn_VN-07
ward_vn_00865,Xã Đường Thượng,00865,xa,base.state_vn_VN-07
ward_vn_00871,Xã Du Già,00871,xa,base.state_vn_VN-07
ward_vn_00874,Xã Quản Bạ,00874,xa,base.state_vn_VN-07
ward_vn_00883,Xã Cán Tỷ,00883,xa,base.state_vn_VN-07
ward_vn_00889,Xã Nghĩa Thuận,00889,xa,base.state_vn_VN-07
ward_vn_00892,Xã Tùng Vài,00892,xa,base.state_vn_VN-07
ward_vn_00901,Xã Lùng Tám,00901,xa,base.state_vn_VN-07
ward_vn_00913,Xã Vị Xuyên,00913,xa,base.state_vn_VN-07
ward_vn_00919,Xã Minh Tân,00919,xa,base.state_vn_VN-07
ward_vn_00922,Xã Thuận Hoà,00922,xa,base.state_vn_VN-07
ward_vn_00925,Xã Tùng Bá,00925,xa,base.state_vn_VN-07
ward_vn_00928,Xã Thanh Thủy,00928,xa,base.state_vn_VN-07
ward_vn_00937,Xã Lao Chải,00937,xa,base.state_vn_VN-07
ward_vn_00952,Xã Cao Bồ,00952,xa,base.state_vn_VN-07
ward_vn_00958,Xã Thượng Sơn,00958,xa,base.state_vn_VN-07
ward_vn_00967,Xã Việt Lâm,00967,xa,base.state_vn_VN-07
ward_vn_00970,Xã Linh Hồ,00970,xa,base.state_vn_VN-07
ward_vn_00976,Xã Bạch Ngọc,00976,xa,base.state_vn_VN-07
ward_vn_00982,Xã Minh Sơn,00982,xa,base.state_vn_VN-07
ward_vn_00985,Xã Giáp Trung,00985,xa,base.state_vn_VN-07
ward_vn_00991,Xã Bắc Mê,00991,xa,base.state_vn_VN-07
ward_vn_00994,Xã Minh Ngọc,00994,xa,base.state_vn_VN-07
ward_vn_01006,Xã Yên Cường,01006,xa,base.state_vn_VN-07
ward_vn_01012,Xã Đường Hồng,01012,xa,base.state_vn_VN-07
ward_vn_01021,Xã Hoàng Su Phì,01021,xa,base.state_vn_VN-07
ward_vn_01024,Xã Bản Máy,01024,xa,base.state_vn_VN-07
ward_vn_01033,Xã Thàng Tín,01033,xa,base.state_vn_VN-07
ward_vn_01051,Xã Tân Tiến,01051,xa,base.state_vn_VN-07
ward_vn_01057,Xã Pờ Ly Ngài,01057,xa,base.state_vn_VN-07
ward_vn_01075,Xã Nậm Dịch,01075,xa,base.state_vn_VN-07
ward_vn_01084,Xã Hồ Thầu,01084,xa,base.state_vn_VN-07
ward_vn_01090,Xã Thông Nguyên,01090,xa,base.state_vn_VN-07
ward_vn_01096,Xã Pà Vầy Sủ,01096,xa,base.state_vn_VN-07
ward_vn_01108,Xã Xín Mần,01108,xa,base.state_vn_VN-07
ward_vn_01117,Xã Trung Thịnh,01117,xa,base.state_vn_VN-07
ward_vn_01141,Xã Nấm Dẩn,01141,xa,base.state_vn_VN-07
ward_vn_01144,Xã Quảng Nguyên,01144,xa,base.state_vn_VN-07
ward_vn_01147,Xã Khuôn Lùng,01147,xa,base.state_vn_VN-07
ward_vn_01153,Xã Bắc Quang,01153,xa,base.state_vn_VN-07
ward_vn_01156,Xã Vĩnh Tuy,01156,xa,base.state_vn_VN-07
ward_vn_01165,Xã Đồng Tâm,01165,xa,base.state_vn_VN-07
ward_vn_01171,Xã Tân Quang,01171,xa,base.state_vn_VN-07
ward_vn_01180,Xã Bằng Hành,01180,xa,base.state_vn_VN-07
ward_vn_01192,Xã Liên Hiệp,01192,xa,base.state_vn_VN-07
ward_vn_01201,Xã Hùng An,01201,xa,base.state_vn_VN-07
ward_vn_01216,Xã Đồng Yên,01216,xa,base.state_vn_VN-07
ward_vn_01225,Xã Tiên Nguyên,01225,xa,base.state_vn_VN-07
ward_vn_01234,Xã Yên Thành,01234,xa,base.state_vn_VN-07
ward_vn_01237,Xã Quang Bình,01237,xa,base.state_vn_VN-07
ward_vn_01243,Xã Tân Trịnh,01243,xa,base.state_vn_VN-07
ward_vn_01246,Xã Bằng Lang,01246,xa,base.state_vn_VN-07
ward_vn_01255,Xã Xuân Giang,01255,xa,base.state_vn_VN-07
ward_vn_01261,Xã Tiên Yên,01261,xa,base.state_vn_VN-07
ward_vn_02212,Phường Nông Tiến,02212,phuong,base.state_vn_VN-07
ward_vn_02215,Phường Minh Xuân,02215,phuong,base.state_vn_VN-07
ward_vn_02221,Xã Nà Hang,02221,xa,base.state_vn_VN-07
ward_vn_02239,Xã Thượng Nông,02239,xa,base.state_vn_VN-07
ward_vn_02245,Xã Côn Lôn,02245,xa,base.state_vn_VN-07
ward_vn_02248,Xã Yên Hoa,02248,xa,base.state_vn_VN-07
ward_vn_02260,Xã Hồng Thái,02260,xa,base.state_vn_VN-07
ward_vn_02266,Xã Lâm Bình,02266,xa,base.state_vn_VN-07
ward_vn_02269,Xã Thượng Lâm,02269,xa,base.state_vn_VN-07
ward_vn_02287,Xã Chiêm Hoá,02287,xa,base.state_vn_VN-07
ward_vn_02296,Xã Bình An,02296,xa,base.state_vn_VN-07
ward_vn_02302,Xã Minh Quang,02302,xa,base.state_vn_VN-07
ward_vn_02305,Xã Trung Hà,02305,xa,base.state_vn_VN-07
ward_vn_02308,Xã Tân Mỹ,02308,xa,base.state_vn_VN-07
ward_vn_02317,Xã Yên Lập,02317,xa,base.state_vn_VN-07
ward_vn_02320,Xã Tân An,02320,xa,base.state_vn_VN-07
ward_vn_02332,Xã Kiên Đài,02332,xa,base.state_vn_VN-07
ward_vn_02350,Xã Kim Bình,02350,xa,base.state_vn_VN-07
ward_vn_02353,Xã Hoà An,02353,xa,base.state_vn_VN-07
ward_vn_02359,Xã Tri Phú,02359,xa,base.state_vn_VN-07
ward_vn_02365,Xã Yên Nguyên,02365,xa,base.state_vn_VN-07
ward_vn_02374,Xã Hàm Yên,02374,xa,base.state_vn_VN-07
ward_vn_02380,Xã Bạch Xa,02380,xa,base.state_vn_VN-07
ward_vn_02392,Xã Phù Lưu,02392,xa,base.state_vn_VN-07
ward_vn_02398,Xã Yên Phú,02398,xa,base.state_vn_VN-07
ward_vn_02404,Xã Bình Xa,02404,xa,base.state_vn_VN-07
ward_vn_02407,Xã Thái Sơn,02407,xa,base.state_vn_VN-07
ward_vn_02419,Xã Thái Hoà,02419,xa,base.state_vn_VN-07
ward_vn_02425,Xã Hùng Đức,02425,xa,base.state_vn_VN-07
ward_vn_02434,Xã Lực Hành,02434,xa,base.state_vn_VN-07
ward_vn_02437,Xã Kiến Thiết,02437,xa,base.state_vn_VN-07
ward_vn_02449,Xã Xuân Vân,02449,xa,base.state_vn_VN-07
ward_vn_02455,Xã Hùng Lợi,02455,xa,base.state_vn_VN-07
ward_vn_02458,Xã Trung Sơn,02458,xa,base.state_vn_VN-07
ward_vn_02470,Xã Tân Long,02470,xa,base.state_vn_VN-07
ward_vn_02473,Xã Yên Sơn,02473,xa,base.state_vn_VN-07
ward_vn_02494,Xã Thái Bình,02494,xa,base.state_vn_VN-07
ward_vn_02509,Phường Mỹ Lâm,02509,phuong,base.state_vn_VN-07
ward_vn_02512,Phường An Tường,02512,phuong,base.state_vn_VN-07
ward_vn_02524,Phường Bình Thuận,02524,phuong,base.state_vn_VN-07
ward_vn_02530,Xã Nhữ Khê,02530,xa,base.state_vn_VN-07
ward_vn_02536,Xã Sơn Dương,02536,xa,base.state_vn_VN-07
ward_vn_02545,Xã Tân Trào,02545,xa,base.state_vn_VN-07
ward_vn_02548,Xã Bình Ca,02548,xa,base.state_vn_VN-07
ward_vn_02554,Xã Minh Thanh,02554,xa,base.state_vn_VN-07
ward_vn_02572,Xã Đông Thọ,02572,xa,base.state_vn_VN-07
ward_vn_02578,Xã Tân Thanh,02578,xa,base.state_vn_VN-07
ward_vn_02608,Xã Hồng Sơn,02608,xa,base.state_vn_VN-07
ward_vn_02611,Xã Phú Lương,02611,xa,base.state_vn_VN-07
ward_vn_02620,Xã Sơn Thuỷ,02620,xa,base.state_vn_VN-07
ward_vn_02623,Xã Trường Sinh,02623,xa,base.state_vn_VN-07
ward_vn_03127,Phường Điện Biên Phủ,03127,phuong,base.state_vn_VN-71
ward_vn_03151,Phường Mường Lay,03151,phuong,base.state_vn_VN-71
ward_vn_03158,Xã Sín Thầu,03158,xa,base.state_vn_VN-71
ward_vn_03160,Xã Mường Nhé,03160,xa,base.state_vn_VN-71
ward_vn_03162,Xã Nậm Kè,03162,xa,base.state_vn_VN-71
ward_vn_03163,Xã Mường Toong,03163,xa,base.state_vn_VN-71
ward_vn_03164,Xã Quảng Lâm,03164,xa,base.state_vn_VN-71
ward_vn_03166,Xã Mường Chà,03166,xa,base.state_vn_VN-71
ward_vn_03169,Xã Nà Hỳ,03169,xa,base.state_vn_VN-71
ward_vn_03172,Xã Na Sang,03172,xa,base.state_vn_VN-71
ward_vn_03175,Xã Chà Tở,03175,xa,base.state_vn_VN-71
ward_vn_03176,Xã Nà Bủng,03176,xa,base.state_vn_VN-71
ward_vn_03181,Xã Mường Tùng,03181,xa,base.state_vn_VN-71
ward_vn_03193,Xã Pa Ham,03193,xa,base.state_vn_VN-71
ward_vn_03194,Xã Nậm Nèn,03194,xa,base.state_vn_VN-71
ward_vn_03199,Xã Si Pa Phìn,03199,xa,base.state_vn_VN-71
ward_vn_03202,Xã Mường Pồn,03202,xa,base.state_vn_VN-71
ward_vn_03203,Xã Na Son,03203,xa,base.state_vn_VN-71
ward_vn_03208,Xã Xa Dung,03208,xa,base.state_vn_VN-71
ward_vn_03214,Xã Mường Luân,03214,xa,base.state_vn_VN-71
ward_vn_03217,Xã Tủa Chùa,03217,xa,base.state_vn_VN-71
ward_vn_03220,Xã Tủa Thàng,03220,xa,base.state_vn_VN-71
ward_vn_03226,Xã Sín Chải,03226,xa,base.state_vn_VN-71
ward_vn_03241,Xã Sính Phình,03241,xa,base.state_vn_VN-71
ward_vn_03244,Xã Sáng Nhè,03244,xa,base.state_vn_VN-71
ward_vn_03253,Xã Tuần Giáo,03253,xa,base.state_vn_VN-71
ward_vn_03256,Xã Mường Ảng,03256,xa,base.state_vn_VN-71
ward_vn_03260,Xã Pú Nhung,03260,xa,base.state_vn_VN-71
ward_vn_03268,Xã Mường Mùn,03268,xa,base.state_vn_VN-71
ward_vn_03283,Xã Chiềng Sinh,03283,xa,base.state_vn_VN-71
ward_vn_03295,Xã Quài Tở,03295,xa,base.state_vn_VN-71
ward_vn_03301,Xã Búng Lao,03301,xa,base.state_vn_VN-71
ward_vn_03313,Xã Mường Lạn,03313,xa,base.state_vn_VN-71
ward_vn_03316,Xã Nà Tấu,03316,xa,base.state_vn_VN-71
ward_vn_03325,Xã Mường Phăng,03325,xa,base.state_vn_VN-71
ward_vn_03328,Xã Thanh Nưa,03328,xa,base.state_vn_VN-71
ward_vn_03334,Phường Mường Thanh,03334,phuong,base.state_vn_VN-71
ward_vn_03349,Xã Thanh Yên,03349,xa,base.state_vn_VN-71
ward_vn_03352,Xã Thanh An,03352,xa,base.state_vn_VN-71
ward_vn_03356,Xã Sam Mứn,03356,xa,base.state_vn_VN-71
ward_vn_03358,Xã Núa Ngam,03358,xa,base.state_vn_VN-71
ward_vn_03368,Xã Mường Nhà,03368,xa,base.state_vn_VN-71
ward_vn_03370,Xã Pu Nhi,03370,xa,base.state_vn_VN-71
ward_vn_03382,Xã Phình Giàng,03382,xa,base.state_vn_VN-71
ward_vn_03385,Xã Tìa Dình,03385,xa,base.state_vn_VN-71
ward_vn_03388,Phường Đoàn Kết,03388,phuong,base.state_vn_VN-01
ward_vn_03390,Xã Bình Lư,03390,xa,base.state_vn_VN-01
ward_vn_03394,Xã Sin Suối Hồ,03394,xa,base.state_vn_VN-01
ward_vn_03405,Xã Tả Lèng,03405,xa,base.state_vn_VN-01
ward_vn_03408,Phường Tân Phong,03408,phuong,base.state_vn_VN-01
ward_vn_03424,Xã Bản Bo,03424,xa,base.state_vn_VN-01
ward_vn_03430,Xã Khun Há,03430,xa,base.state_vn_VN-01
ward_vn_03433,Xã Bum Tở,03433,xa,base.state_vn_VN-01
ward_vn_03434,Xã Nậm Hàng,03434,xa,base.state_vn_VN-01
ward_vn_03439,Xã Thu Lũm,03439,xa,base.state_vn_VN-01
ward_vn_03442,Xã Pa Ủ,03442,xa,base.state_vn_VN-01
ward_vn_03445,Xã Mường Tè,03445,xa,base.state_vn_VN-01
ward_vn_03451,Xã Mù Cả,03451,xa,base.state_vn_VN-01
ward_vn_03460,Xã Hua Bum,03460,xa,base.state_vn_VN-01
ward_vn_03463,Xã Tà Tổng,03463,xa,base.state_vn_VN-01
ward_vn_03466,Xã Bum Nưa,03466,xa,base.state_vn_VN-01
ward_vn_03472,Xã Mường Mô,03472,xa,base.state_vn_VN-01
ward_vn_03478,Xã Sìn Hồ,03478,xa,base.state_vn_VN-01
ward_vn_03487,Xã Lê Lợi,03487,xa,base.state_vn_VN-01
ward_vn_03503,Xã Pa Tần,03503,xa,base.state_vn_VN-01
ward_vn_03508,Xã Hồng Thu,03508,xa,base.state_vn_VN-01
ward_vn_03517,Xã Nậm Tăm,03517,xa,base.state_vn_VN-01
ward_vn_03529,Xã Tủa Sín Chải,03529,xa,base.state_vn_VN-01
ward_vn_03532,Xã Pu Sam Cáp,03532,xa,base.state_vn_VN-01
ward_vn_03538,Xã Nậm Mạ,03538,xa,base.state_vn_VN-01
ward_vn_03544,Xã Nậm Cuổi,03544,xa,base.state_vn_VN-01
ward_vn_03549,Xã Phong Thổ,03549,xa,base.state_vn_VN-01
ward_vn_03562,Xã Sì Lở Lầu,03562,xa,base.state_vn_VN-01
ward_vn_03571,Xã Dào San,03571,xa,base.state_vn_VN-01
ward_vn_03583,Xã Khổng Lào,03583,xa,base.state_vn_VN-01
ward_vn_03595,Xã Than Uyên,03595,xa,base.state_vn_VN-01
ward_vn_03598,Xã Tân Uyên,03598,xa,base.state_vn_VN-01
ward_vn_03601,Xã Mường Khoa,03601,xa,base.state_vn_VN-01
ward_vn_03613,Xã Nậm Sỏ,03613,xa,base.state_vn_VN-01
ward_vn_03616,Xã Pắc Ta,03616,xa,base.state_vn_VN-01
ward_vn_03618,Xã Mường Than,03618,xa,base.state_vn_VN-01
ward_vn_03637,Xã Mường Kim,03637,xa,base.state_vn_VN-01
ward_vn_03640,Xã Khoen On,03640,xa,base.state_vn_VN-01
ward_vn_03646,Phường Tô Hiệu,03646,phuong,base.state_vn_VN-05
ward_vn_03664,Phường Chiềng An,03664,phuong,base.state_vn_VN-05
ward_vn_03670,Phường Chiềng Cơi,03670,phuong,base.state_vn_VN-05
ward_vn_03679,Phường Chiềng Sinh,03679,phuong,base.state_vn_VN-05
ward_vn_03688,Xã Mường Chiên,03688,xa,base.state_vn_VN-05
ward_vn_03694,Xã Mường Giôn,03694,xa,base.state_vn_VN-05
ward_vn_03703,Xã Quỳnh Nhai,03703,xa,base.state_vn_VN-05
ward_vn_03712,Xã Mường Sại,03712,xa,base.state_vn_VN-05
ward_vn_03721,Xã Thuận Châu,03721,xa,base.state_vn_VN-05
ward_vn_03724,Xã Bình Thuận,03724,xa,base.state_vn_VN-05
ward_vn_03727,Xã Mường É,03727,xa,base.state_vn_VN-05
ward_vn_03754,Xã Chiềng La,03754,xa,base.state_vn_VN-05
ward_vn_03757,Xã Mường Khiêng,03757,xa,base.state_vn_VN-05
ward_vn_03760,Xã Mường Bám,03760,xa,base.state_vn_VN-05
ward_vn_03763,Xã Long Hẹ,03763,xa,base.state_vn_VN-05
ward_vn_03781,Xã Co Mạ,03781,xa,base.state_vn_VN-05
ward_vn_03784,Xã Nậm Lầu,03784,xa,base.state_vn_VN-05
ward_vn_03799,Xã Muổi Nọi,03799,xa,base.state_vn_VN-05
ward_vn_03808,Xã Mường La,03808,xa,base.state_vn_VN-05
ward_vn_03814,Xã Chiềng Lao,03814,xa,base.state_vn_VN-05
ward_vn_03820,Xã Ngọc Chiến,03820,xa,base.state_vn_VN-05
ward_vn_03847,Xã Mường Bú,03847,xa,base.state_vn_VN-05
ward_vn_03850,Xã Chiềng Hoa,03850,xa,base.state_vn_VN-05
ward_vn_03856,Xã Bắc Yên,03856,xa,base.state_vn_VN-05
ward_vn_03862,Xã Xím Vàng,03862,xa,base.state_vn_VN-05
ward_vn_03868,Xã Tà Xùa,03868,xa,base.state_vn_VN-05
ward_vn_03871,Xã Pắc Ngà,03871,xa,base.state_vn_VN-05
ward_vn_03880,Xã Tạ Khoa,03880,xa,base.state_vn_VN-05
ward_vn_03892,Xã Chiềng Sại,03892,xa,base.state_vn_VN-05
ward_vn_03901,Xã Suối Tọ,03901,xa,base.state_vn_VN-05
ward_vn_03907,Xã Mường Cơi,03907,xa,base.state_vn_VN-05
ward_vn_03910,Xã Phù Yên,03910,xa,base.state_vn_VN-05
ward_vn_03922,Xã Gia Phù,03922,xa,base.state_vn_VN-05
ward_vn_03943,Xã Mường Bang,03943,xa,base.state_vn_VN-05
ward_vn_03958,Xã Tường Hạ,03958,xa,base.state_vn_VN-05
ward_vn_03961,Xã Kim Bon,03961,xa,base.state_vn_VN-05
ward_vn_03970,Xã Tân Phong,03970,xa,base.state_vn_VN-05
ward_vn_03979,Phường Mộc Sơn,03979,phuong,base.state_vn_VN-05
ward_vn_03980,Phường Mộc Châu,03980,phuong,base.state_vn_VN-05
ward_vn_03982,Phường Thảo Nguyên,03982,phuong,base.state_vn_VN-05
ward_vn_03985,Xã Chiềng Sơn,03985,xa,base.state_vn_VN-05
ward_vn_03997,Xã Tân Yên,03997,xa,base.state_vn_VN-05
ward_vn_04000,Xã Đoàn Kết,04000,xa,base.state_vn_VN-05
ward_vn_04006,Xã Song Khủa,04006,xa,base.state_vn_VN-05
ward_vn_04018,Xã Tô Múa,04018,xa,base.state_vn_VN-05
ward_vn_04033,Phường Vân Sơn,04033,phuong,base.state_vn_VN-05
ward_vn_04045,Xã Lóng Sập,04045,xa,base.state_vn_VN-05
ward_vn_04048,Xã Vân Hồ,04048,xa,base.state_vn_VN-05
ward_vn_04057,Xã Xuân Nha,04057,xa,base.state_vn_VN-05
ward_vn_04075,Xã Yên Châu,04075,xa,base.state_vn_VN-05
ward_vn_04078,Xã Chiềng Hặc,04078,xa,base.state_vn_VN-05
ward_vn_04087,Xã Yên Sơn,04087,xa,base.state_vn_VN-05
ward_vn_04096,Xã Lóng Phiêng,04096,xa,base.state_vn_VN-05
ward_vn_04099,Xã Phiêng Khoài,04099,xa,base.state_vn_VN-05
ward_vn_04105,Xã Mai Sơn,04105,xa,base.state_vn_VN-05
ward_vn_04108,Xã Chiềng Sung,04108,xa,base.state_vn_VN-05
ward_vn_04117,Xã Mường Chanh,04117,xa,base.state_vn_VN-05
ward_vn_04123,Xã Chiềng Mung,04123,xa,base.state_vn_VN-05
ward_vn_04132,Xã Chiềng Mai,04132,xa,base.state_vn_VN-05
ward_vn_04136,Xã Tà Hộc,04136,xa,base.state_vn_VN-05
ward_vn_04144,Xã Phiêng Cằm,04144,xa,base.state_vn_VN-05
ward_vn_04159,Xã Phiêng Pằn,04159,xa,base.state_vn_VN-05
ward_vn_04168,Xã Sông Mã,04168,xa,base.state_vn_VN-05
ward_vn_04171,Xã Bó Sinh,04171,xa,base.state_vn_VN-05
ward_vn_04183,Xã Mường Lầm,04183,xa,base.state_vn_VN-05
ward_vn_04186,Xã Nậm Ty,04186,xa,base.state_vn_VN-05
ward_vn_04195,Xã Chiềng Sơ,04195,xa,base.state_vn_VN-05
ward_vn_04204,Xã Chiềng Khoong,04204,xa,base.state_vn_VN-05
ward_vn_04210,Xã Huổi Một,04210,xa,base.state_vn_VN-05
ward_vn_04219,Xã Mường Hung,04219,xa,base.state_vn_VN-05
ward_vn_04222,Xã Chiềng Khương,04222,xa,base.state_vn_VN-05
ward_vn_04228,Xã Púng Bánh,04228,xa,base.state_vn_VN-05
ward_vn_04231,Xã Sốp Cộp,04231,xa,base.state_vn_VN-05
ward_vn_04240,Xã Mường Lèo,04240,xa,base.state_vn_VN-05
ward_vn_04246,Xã Mường Lạn,04246,xa,base.state_vn_VN-05
ward_vn_02647,Phường Lào Cai,02647,phuong,base.state_vn_VN-02
ward_vn_02671,Phường Cam Đường,02671,phuong,base.state_vn_VN-02
ward_vn_02680,Xã Hợp Thành,02680,xa,base.state_vn_VN-02
ward_vn_02683,Xã Bát Xát,02683,xa,base.state_vn_VN-02
ward_vn_02686,Xã A Mú Sung,02686,xa,base.state_vn_VN-02
ward_vn_02695,Xã Trịnh Tường,02695,xa,base.state_vn_VN-02
ward_vn_02701,Xã Y Tý,02701,xa,base.state_vn_VN-02
ward_vn_02707,Xã Dền Sáng,02707,xa,base.state_vn_VN-02
ward_vn_02725,Xã Bản Xèo,02725,xa,base.state_vn_VN-02
ward_vn_02728,Xã Mường Hum,02728,xa,base.state_vn_VN-02
ward_vn_02746,Xã Cốc San,02746,xa,base.state_vn_VN-02
ward_vn_02752,Xã Pha Long,02752,xa,base.state_vn_VN-02
ward_vn_02761,Xã Mường Khương,02761,xa,base.state_vn_VN-02
ward_vn_02782,Xã Cao Sơn,02782,xa,base.state_vn_VN-02
ward_vn_02788,Xã Bản Lầu,02788,xa,base.state_vn_VN-02
ward_vn_02809,Xã Si Ma Cai,02809,xa,base.state_vn_VN-02
ward_vn_02824,Xã Sín Chéng,02824,xa,base.state_vn_VN-02
ward_vn_02839,Xã Bắc Hà,02839,xa,base.state_vn_VN-02
ward_vn_02842,Xã Tả Củ Tỷ,02842,xa,base.state_vn_VN-02
ward_vn_02848,Xã Lùng Phình,02848,xa,base.state_vn_VN-02
ward_vn_02869,Xã Bản Liền,02869,xa,base.state_vn_VN-02
ward_vn_02890,Xã Bảo Nhai,02890,xa,base.state_vn_VN-02
ward_vn_02896,Xã Cốc Lầu,02896,xa,base.state_vn_VN-02
ward_vn_02902,Xã Phong Hải,02902,xa,base.state_vn_VN-02
ward_vn_02905,Xã Bảo Thắng,02905,xa,base.state_vn_VN-02
ward_vn_02908,Xã Tằng Loỏng,02908,xa,base.state_vn_VN-02
ward_vn_02923,Xã Gia Phú,02923,xa,base.state_vn_VN-02
ward_vn_02926,Xã Xuân Quang,02926,xa,base.state_vn_VN-02
ward_vn_02947,Xã Bảo Yên,02947,xa,base.state_vn_VN-02
ward_vn_02953,Xã Nghĩa Đô,02953,xa,base.state_vn_VN-02
ward_vn_02962,Xã Xuân Hòa,02962,xa,base.state_vn_VN-02
ward_vn_02968,Xã Thượng Hà,02968,xa,base.state_vn_VN-02
ward_vn_02989,Xã Bảo Hà,02989,xa,base.state_vn_VN-02
ward_vn_02998,Xã Phúc Khánh,02998,xa,base.state_vn_VN-02
ward_vn_03004,Xã Ngũ Chỉ Sơn,03004,xa,base.state_vn_VN-02
ward_vn_03006,Phường Sa Pa,03006,phuong,base.state_vn_VN-02
ward_vn_03013,Xã Tả Phìn,03013,xa,base.state_vn_VN-02
ward_vn_03037,Xã Tả Van,03037,xa,base.state_vn_VN-02
ward_vn_03043,Xã Mường Bo,03043,xa,base.state_vn_VN-02
ward_vn_03046,Xã Bản Hồ,03046,xa,base.state_vn_VN-02
ward_vn_03061,Xã Võ Lao,03061,xa,base.state_vn_VN-02
ward_vn_03076,Xã Nậm Chày,03076,xa,base.state_vn_VN-02
ward_vn_03082,Xã Văn Bàn,03082,xa,base.state_vn_VN-02
ward_vn_03085,Xã Nậm Xé,03085,xa,base.state_vn_VN-02
ward_vn_03091,Xã Chiềng Ken,03091,xa,base.state_vn_VN-02
ward_vn_03103,Xã Khánh Yên,03103,xa,base.state_vn_VN-02
ward_vn_03106,Xã Dương Quỳ,03106,xa,base.state_vn_VN-02
ward_vn_03121,Xã Minh Lương,03121,xa,base.state_vn_VN-02
ward_vn_04252,Phường Yên Bái,04252,phuong,base.state_vn_VN-02
ward_vn_04273,Phường Nam Cường,04273,phuong,base.state_vn_VN-02
ward_vn_04279,Phường Văn Phú,04279,phuong,base.state_vn_VN-02
ward_vn_04288,Phường Nghĩa Lộ,04288,phuong,base.state_vn_VN-02
ward_vn_04303,Xã Lục Yên,04303,xa,base.state_vn_VN-02
ward_vn_04309,Xã Lâm Thượng,04309,xa,base.state_vn_VN-02
ward_vn_04336,Xã Tân Lĩnh,04336,xa,base.state_vn_VN-02
ward_vn_04342,Xã Khánh Hòa,04342,xa,base.state_vn_VN-02
ward_vn_04345,Xã Mường Lai,04345,xa,base.state_vn_VN-02
ward_vn_04363,Xã Phúc Lợi,04363,xa,base.state_vn_VN-02
ward_vn_04375,Xã Mậu A,04375,xa,base.state_vn_VN-02
ward_vn_04381,Xã Lâm Giang,04381,xa,base.state_vn_VN-02
ward_vn_04387,Xã Châu Quế,04387,xa,base.state_vn_VN-02
ward_vn_04399,Xã Đông Cuông,04399,xa,base.state_vn_VN-02
ward_vn_04402,Xã Phong Dụ Hạ,04402,xa,base.state_vn_VN-02
ward_vn_04423,Xã Phong Dụ Thượng,04423,xa,base.state_vn_VN-02
ward_vn_04429,Xã Tân Hợp,04429,xa,base.state_vn_VN-02
ward_vn_04441,Xã Xuân Ái,04441,xa,base.state_vn_VN-02
ward_vn_04450,Xã Mỏ Vàng,04450,xa,base.state_vn_VN-02
ward_vn_04456,Xã Mù Cang Chải,04456,xa,base.state_vn_VN-02
ward_vn_04462,Xã Nậm Có,04462,xa,base.state_vn_VN-02
ward_vn_04465,Xã Khao Mang,04465,xa,base.state_vn_VN-02
ward_vn_04474,Xã Lao Chải,04474,xa,base.state_vn_VN-02
ward_vn_04489,Xã Chế Tạo,04489,xa,base.state_vn_VN-02
ward_vn_04492,Xã Púng Luông,04492,xa,base.state_vn_VN-02
ward_vn_04498,Xã Trấn Yên,04498,xa,base.state_vn_VN-02
ward_vn_04531,Xã Quy Mông,04531,xa,base.state_vn_VN-02
ward_vn_04537,Xã Lương Thịnh,04537,xa,base.state_vn_VN-02
ward_vn_04543,Phường Âu Lâu,04543,phuong,base.state_vn_VN-02
ward_vn_04564,Xã Việt Hồng,04564,xa,base.state_vn_VN-02
ward_vn_04576,Xã Hưng Khánh,04576,xa,base.state_vn_VN-02
ward_vn_04585,Xã Hạnh Phúc,04585,xa,base.state_vn_VN-02
ward_vn_04603,Xã Tà Xi Láng,04603,xa,base.state_vn_VN-02
ward_vn_04606,Xã Trạm Tấu,04606,xa,base.state_vn_VN-02
ward_vn_04609,Xã Phình Hồ,04609,xa,base.state_vn_VN-02
ward_vn_04630,Xã Tú Lệ,04630,xa,base.state_vn_VN-02
ward_vn_04636,Xã Gia Hội,04636,xa,base.state_vn_VN-02
ward_vn_04651,Xã Sơn Lương,04651,xa,base.state_vn_VN-02
ward_vn_04660,Xã Liên Sơn,04660,xa,base.state_vn_VN-02
ward_vn_04663,Phường Trung Tâm,04663,phuong,base.state_vn_VN-02
ward_vn_04672,Xã Văn Chấn,04672,xa,base.state_vn_VN-02
ward_vn_04681,Phường Cầu Thia,04681,phuong,base.state_vn_VN-02
ward_vn_04693,Xã Cát Thịnh,04693,xa,base.state_vn_VN-02
ward_vn_04699,Xã Chấn Thịnh,04699,xa,base.state_vn_VN-02
ward_vn_04705,Xã Thượng Bằng La,04705,xa,base.state_vn_VN-02
ward_vn_04711,Xã Nghĩa Tâm,04711,xa,base.state_vn_VN-02
ward_vn_04714,Xã Yên Bình,04714,xa,base.state_vn_VN-02
ward_vn_04717,Xã Thác Bà,04717,xa,base.state_vn_VN-02
ward_vn_04726,Xã Cảm Nhân,04726,xa,base.state_vn_VN-02
ward_vn_04744,Xã Yên Thành,04744,xa,base.state_vn_VN-02
ward_vn_04750,Xã Bảo Ái,04750,xa,base.state_vn_VN-02
ward_vn_01840,Phường Đức Xuân,01840,phuong,base.state_vn_VN-69
ward_vn_01843,Phường Bắc Kạn,01843,phuong,base.state_vn_VN-69
ward_vn_01849,Xã Phong Quang,01849,xa,base.state_vn_VN-69
ward_vn_01864,Xã Bằng Thành,01864,xa,base.state_vn_VN-69
ward_vn_01879,Xã Cao Minh,01879,xa,base.state_vn_VN-69
ward_vn_01882,Xã Nghiên Loan,01882,xa,base.state_vn_VN-69
ward_vn_01894,Xã Phúc Lộc,01894,xa,base.state_vn_VN-69
ward_vn_01906,Xã Ba Bể,01906,xa,base.state_vn_VN-69
ward_vn_01912,Xã Chợ Rã,01912,xa,base.state_vn_VN-69
ward_vn_01921,Xã Thượng Minh,01921,xa,base.state_vn_VN-69
ward_vn_01933,Xã Đồng Phúc,01933,xa,base.state_vn_VN-69
ward_vn_01936,Xã Nà Phặc,01936,xa,base.state_vn_VN-69
ward_vn_01942,Xã Bằng Vân,01942,xa,base.state_vn_VN-69
ward_vn_01954,Xã Ngân Sơn,01954,xa,base.state_vn_VN-69
ward_vn_01957,Xã Thượng Quan,01957,xa,base.state_vn_VN-69
ward_vn_01960,Xã Hiệp Lực,01960,xa,base.state_vn_VN-69
ward_vn_01969,Xã Phủ Thông,01969,xa,base.state_vn_VN-69
ward_vn_01981,Xã Vĩnh Thông,01981,xa,base.state_vn_VN-69
ward_vn_02008,Xã Cẩm Giàng,02008,xa,base.state_vn_VN-69
ward_vn_02014,Xã Bạch Thông,02014,xa,base.state_vn_VN-69
ward_vn_02020,Xã Chợ Đồn,02020,xa,base.state_vn_VN-69
ward_vn_02026,Xã Nam Cường,02026,xa,base.state_vn_VN-69
ward_vn_02038,Xã Quảng Bạch,02038,xa,base.state_vn_VN-69
ward_vn_02044,Xã Yên Thịnh,02044,xa,base.state_vn_VN-69
ward_vn_02071,Xã Nghĩa Tá,02071,xa,base.state_vn_VN-69
ward_vn_02083,Xã Yên Phong,02083,xa,base.state_vn_VN-69
ward_vn_02086,Xã Chợ Mới,02086,xa,base.state_vn_VN-69
ward_vn_02101,Xã Thanh Mai,02101,xa,base.state_vn_VN-69
ward_vn_02104,Xã Tân Kỳ,02104,xa,base.state_vn_VN-69
ward_vn_02107,Xã Thanh Thịnh,02107,xa,base.state_vn_VN-69
ward_vn_02116,Xã Yên Bình,02116,xa,base.state_vn_VN-69
ward_vn_02143,Xã Văn Lang,02143,xa,base.state_vn_VN-69
ward_vn_02152,Xã Cường Lợi,02152,xa,base.state_vn_VN-69
ward_vn_02155,Xã Na Rì,02155,xa,base.state_vn_VN-69
ward_vn_02176,Xã Trần Phú,02176,xa,base.state_vn_VN-69
ward_vn_02185,Xã Côn Minh,02185,xa,base.state_vn_VN-69
ward_vn_02191,Xã Xuân Dương,02191,xa,base.state_vn_VN-69
ward_vn_05443,Phường Phan Đình Phùng,05443,phuong,base.state_vn_VN-69
ward_vn_05455,Phường Quyết Thắng,05455,phuong,base.state_vn_VN-69
ward_vn_05467,Phường Gia Sàng,05467,phuong,base.state_vn_VN-69
ward_vn_05482,Phường Quan Triều,05482,phuong,base.state_vn_VN-69
ward_vn_05488,Xã Đại Phúc,05488,xa,base.state_vn_VN-69
ward_vn_05500,Phường Tích Lương,05500,phuong,base.state_vn_VN-69
ward_vn_05503,Xã Tân Cương,05503,xa,base.state_vn_VN-69
ward_vn_05518,Phường Sông Công,05518,phuong,base.state_vn_VN-69
ward_vn_05528,Phường Bách Quang,05528,phuong,base.state_vn_VN-69
ward_vn_05533,Phường Bá Xuyên,05533,phuong,base.state_vn_VN-69
ward_vn_05542,Xã Lam Vỹ,05542,xa,base.state_vn_VN-69
ward_vn_05551,Xã Kim Phượng,05551,xa,base.state_vn_VN-69
ward_vn_05563,Xã Phượng Tiến,05563,xa,base.state_vn_VN-69
ward_vn_05569,Xã Định Hóa,05569,xa,base.state_vn_VN-69
ward_vn_05581,Xã Trung Hội,05581,xa,base.state_vn_VN-69
ward_vn_05587,Xã Bình Yên,05587,xa,base.state_vn_VN-69
ward_vn_05602,Xã Phú Đình,05602,xa,base.state_vn_VN-69
ward_vn_05605,Xã Bình Thành,05605,xa,base.state_vn_VN-69
ward_vn_05611,Xã Phú Lương,05611,xa,base.state_vn_VN-69
ward_vn_05620,Xã Yên Trạch,05620,xa,base.state_vn_VN-69
ward_vn_05632,Xã Hợp Thành,05632,xa,base.state_vn_VN-69
ward_vn_05641,Xã Vô Tranh,05641,xa,base.state_vn_VN-69
ward_vn_05662,Xã Trại Cau,05662,xa,base.state_vn_VN-69
ward_vn_05665,Xã Văn Lăng,05665,xa,base.state_vn_VN-69
ward_vn_05674,Xã Quang Sơn,05674,xa,base.state_vn_VN-69
ward_vn_05680,Xã Văn Hán,05680,xa,base.state_vn_VN-69
ward_vn_05692,Xã Đồng Hỷ,05692,xa,base.state_vn_VN-69
ward_vn_05707,Xã Nam Hòa,05707,xa,base.state_vn_VN-69
ward_vn_05710,Phường Linh Sơn,05710,phuong,base.state_vn_VN-69
ward_vn_05716,Xã Võ Nhai,05716,xa,base.state_vn_VN-69
ward_vn_05719,Xã Sảng Mộc,05719,xa,base.state_vn_VN-69
ward_vn_05722,Xã Nghinh Tường,05722,xa,base.state_vn_VN-69
ward_vn_05725,Xã Thần Sa,05725,xa,base.state_vn_VN-69
ward_vn_05740,Xã La Hiên,05740,xa,base.state_vn_VN-69
ward_vn_05746,Xã Tràng Xá,05746,xa,base.state_vn_VN-69
ward_vn_05755,Xã Dân Tiến,05755,xa,base.state_vn_VN-69
ward_vn_05773,Xã Phú Xuyên,05773,xa,base.state_vn_VN-69
ward_vn_05776,Xã Đức Lương,05776,xa,base.state_vn_VN-69
ward_vn_05788,Xã Phú Lạc,05788,xa,base.state_vn_VN-69
ward_vn_05800,Xã Phú Thịnh,05800,xa,base.state_vn_VN-69
ward_vn_05809,Xã An Khánh,05809,xa,base.state_vn_VN-69
ward_vn_05818,Xã La Bằng,05818,xa,base.state_vn_VN-69
ward_vn_05830,Xã Đại Từ,05830,xa,base.state_vn_VN-69
ward_vn_05845,Xã Vạn Phú,05845,xa,base.state_vn_VN-69
ward_vn_05851,Xã Quân Chu,05851,xa,base.state_vn_VN-69
ward_vn_05857,Phường Phúc Thuận,05857,phuong,base.state_vn_VN-69
ward_vn_05860,Phường Phổ Yên,05860,phuong,base.state_vn_VN-69
ward_vn_05881,Xã Thành Công,05881,xa,base.state_vn_VN-69
ward_vn_05890,Phường Vạn Xuân,05890,phuong,base.state_vn_VN-69
ward_vn_05899,Phường Trung Thành,05899,phuong,base.state_vn_VN-69
ward_vn_05908,Xã Phú Bình,05908,xa,base.state_vn_VN-69
ward_vn_05917,Xã Tân Khánh,05917,xa,base.state_vn_VN-69
ward_vn_05923,Xã Tân Thành,05923,xa,base.state_vn_VN-69
ward_vn_05941,Xã Điềm Thụy,05941,xa,base.state_vn_VN-69
ward_vn_05953,Xã Kha Sơn,05953,xa,base.state_vn_VN-69
ward_vn_05977,Phường Đông Kinh,05977,phuong,base.state_vn_VN-09
ward_vn_05983,Phường Lương Văn Tri,05983,phuong,base.state_vn_VN-09
ward_vn_05986,Phường Tam Thanh,05986,phuong,base.state_vn_VN-09
ward_vn_06001,Xã Đoàn Kết,06001,xa,base.state_vn_VN-09
ward_vn_06004,Xã Quốc Khánh,06004,xa,base.state_vn_VN-09
ward_vn_06019,Xã Tân Tiến,06019,xa,base.state_vn_VN-09
ward_vn_06037,Xã Kháng Chiến,06037,xa,base.state_vn_VN-09
ward_vn_06040,Xã Thất Khê,06040,xa,base.state_vn_VN-09
ward_vn_06046,Xã Tràng Định,06046,xa,base.state_vn_VN-09
ward_vn_06058,Xã Quốc Việt,06058,xa,base.state_vn_VN-09
ward_vn_06073,Xã Hoa Thám,06073,xa,base.state_vn_VN-09
ward_vn_06076,Xã Quý Hòa,06076,xa,base.state_vn_VN-09
ward_vn_06079,Xã Hồng Phong,06079,xa,base.state_vn_VN-09
ward_vn_06085,Xã Thiện Hòa,06085,xa,base.state_vn_VN-09
ward_vn_06091,Xã Thiện Thuật,06091,xa,base.state_vn_VN-09
ward_vn_06103,Xã Thiện Long,06103,xa,base.state_vn_VN-09
ward_vn_06112,Xã Bình Gia,06112,xa,base.state_vn_VN-09
ward_vn_06115,Xã Tân Văn,06115,xa,base.state_vn_VN-09
ward_vn_06124,Xã Na Sầm,06124,xa,base.state_vn_VN-09
ward_vn_06148,Xã Thụy Hùng,06148,xa,base.state_vn_VN-09
ward_vn_06151,Xã Hội Hoan,06151,xa,base.state_vn_VN-09
ward_vn_06154,Xã Văn Lãng,06154,xa,base.state_vn_VN-09
ward_vn_06172,Xã Hoàng Văn Thụ,06172,xa,base.state_vn_VN-09
ward_vn_06184,Xã Đồng Đăng,06184,xa,base.state_vn_VN-09
ward_vn_06187,Phường Kỳ Lừa,06187,phuong,base.state_vn_VN-09
ward_vn_06196,Xã Ba Sơn,06196,xa,base.state_vn_VN-09
ward_vn_06211,Xã Cao Lộc,06211,xa,base.state_vn_VN-09
ward_vn_06220,Xã Công Sơn,06220,xa,base.state_vn_VN-09
ward_vn_06253,Xã Văn Quan,06253,xa,base.state_vn_VN-09
ward_vn_06280,Xã Điềm He,06280,xa,base.state_vn_VN-09
ward_vn_06286,Xã Khánh Khê,06286,xa,base.state_vn_VN-09
ward_vn_06298,Xã Yên Phúc,06298,xa,base.state_vn_VN-09
ward_vn_06313,Xã Tri Lễ,06313,xa,base.state_vn_VN-09
ward_vn_06316,Xã Tân Đoàn,06316,xa,base.state_vn_VN-09
ward_vn_06325,Xã Bắc Sơn,06325,xa,base.state_vn_VN-09
ward_vn_06337,Xã Tân Tri,06337,xa,base.state_vn_VN-09
ward_vn_06349,Xã Hưng Vũ,06349,xa,base.state_vn_VN-09
ward_vn_06364,Xã Vũ Lễ,06364,xa,base.state_vn_VN-09
ward_vn_06367,Xã Vũ Lăng,06367,xa,base.state_vn_VN-09
ward_vn_06376,Xã Nhất Hòa,06376,xa,base.state_vn_VN-09
ward_vn_06385,Xã Hữu Lũng,06385,xa,base.state_vn_VN-09
ward_vn_06391,Xã Yên Bình,06391,xa,base.state_vn_VN-09
ward_vn_06400,Xã Hữu Liên,06400,xa,base.state_vn_VN-09
ward_vn_06415,Xã Vân Nham,06415,xa,base.state_vn_VN-09
ward_vn_06427,Xã Cai Kinh,06427,xa,base.state_vn_VN-09
ward_vn_06436,Xã Thiện Tân,06436,xa,base.state_vn_VN-09
ward_vn_06445,Xã Tân Thành,06445,xa,base.state_vn_VN-09
ward_vn_06457,Xã Tuấn Sơn,06457,xa,base.state_vn_VN-09
ward_vn_06463,Xã Chi Lăng,06463,xa,base.state_vn_VN-09
ward_vn_06475,Xã Bằng Mạc,06475,xa,base.state_vn_VN-09
ward_vn_06481,Xã Chiến Thắng,06481,xa,base.state_vn_VN-09
ward_vn_06496,Xã Nhân Lý,06496,xa,base.state_vn_VN-09
ward_vn_06505,Xã Vạn Linh,06505,xa,base.state_vn_VN-09
ward_vn_06517,Xã Quan Sơn,06517,xa,base.state_vn_VN-09
ward_vn_06526,Xã Na Dương,06526,xa,base.state_vn_VN-09
ward_vn_06529,Xã Lộc Bình,06529,xa,base.state_vn_VN-09
ward_vn_06541,Xã Mẫu Sơn,06541,xa,base.state_vn_VN-09
ward_vn_06565,Xã Khuất Xá,06565,xa,base.state_vn_VN-09
ward_vn_06577,Xã Thống Nhất,06577,xa,base.state_vn_VN-09
ward_vn_06601,Xã Lợi Bác,06601,xa,base.state_vn_VN-09
ward_vn_06607,Xã Xuân Dương,06607,xa,base.state_vn_VN-09
ward_vn_06613,Xã Đình Lập,06613,xa,base.state_vn_VN-09
ward_vn_06616,Xã Thái Bình,06616,xa,base.state_vn_VN-09
ward_vn_06625,Xã Kiên Mộc,06625,xa,base.state_vn_VN-09
ward_vn_06637,Xã Châu Sơn,06637,xa,base.state_vn_VN-09
ward_vn_06652,Phường Hà Tu,06652,phuong,base.state_vn_VN-13
ward_vn_06658,Phường Cao Xanh,06658,phuong,base.state_vn_VN-13
ward_vn_06661,Phường Việt Hưng,06661,phuong,base.state_vn_VN-13
ward_vn_06673,Phường Bãi Cháy,06673,phuong,base.state_vn_VN-13
ward_vn_06676,Phường Hà Lầm,06676,phuong,base.state_vn_VN-13
ward_vn_06685,Phường Hồng Gai,06685,phuong,base.state_vn_VN-13
ward_vn_06688,Phường Hạ Long,06688,phuong,base.state_vn_VN-13
ward_vn_06706,Phường Tuần Châu,06706,phuong,base.state_vn_VN-13
ward_vn_06709,Phường Móng Cái 2,06709,phuong,base.state_vn_VN-13
ward_vn_06712,Phường Móng Cái 1,06712,phuong,base.state_vn_VN-13
ward_vn_06724,Xã Hải Sơn,06724,xa,base.state_vn_VN-13
ward_vn_06733,Xã Hải Ninh,06733,xa,base.state_vn_VN-13
ward_vn_06736,Phường Móng Cái 3,06736,phuong,base.state_vn_VN-13
ward_vn_06757,Xã Vĩnh Thực,06757,xa,base.state_vn_VN-13
ward_vn_06760,Phường Mông Dương,06760,phuong,base.state_vn_VN-13
ward_vn_06778,Phường Quang Hanh,06778,phuong,base.state_vn_VN-13
ward_vn_06781,Phường Cửa Ông,06781,phuong,base.state_vn_VN-13
ward_vn_06793,Phường Cẩm Phả,06793,phuong,base.state_vn_VN-13
ward_vn_06799,Xã Hải Hòa,06799,xa,base.state_vn_VN-13
ward_vn_06811,Phường Uông Bí,06811,phuong,base.state_vn_VN-13
ward_vn_06820,Phường Vàng Danh,06820,phuong,base.state_vn_VN-13
ward_vn_06832,Phường Yên Tử,06832,phuong,base.state_vn_VN-13
ward_vn_06838,Xã Bình Liêu,06838,xa,base.state_vn_VN-13
ward_vn_06841,Xã Hoành Mô,06841,xa,base.state_vn_VN-13
ward_vn_06856,Xã Lục Hồn,06856,xa,base.state_vn_VN-13
ward_vn_06862,Xã Tiên Yên,06862,xa,base.state_vn_VN-13
ward_vn_06874,Xã Điền Xá,06874,xa,base.state_vn_VN-13
ward_vn_06877,Xã Đông Ngũ,06877,xa,base.state_vn_VN-13
ward_vn_06886,Xã Hải Lạng,06886,xa,base.state_vn_VN-13
ward_vn_06895,Xã Đầm Hà,06895,xa,base.state_vn_VN-13
ward_vn_06913,Xã Quảng Tân,06913,xa,base.state_vn_VN-13
ward_vn_06922,Xã Quảng Hà,06922,xa,base.state_vn_VN-13
ward_vn_06931,Xã Quảng Đức,06931,xa,base.state_vn_VN-13
ward_vn_06946,Xã Đường Hoa,06946,xa,base.state_vn_VN-13
ward_vn_06967,Xã Cái Chiên,06967,xa,base.state_vn_VN-13
ward_vn_06970,Xã Ba Chẽ,06970,xa,base.state_vn_VN-13
ward_vn_06979,Xã Kỳ Thượng,06979,xa,base.state_vn_VN-13
ward_vn_06985,Xã Lương Minh,06985,xa,base.state_vn_VN-13
ward_vn_06994,Đặc khu Vân Đồn,06994,dac_khu,base.state_vn_VN-13
ward_vn_07030,Phường Hoành Bồ,07030,phuong,base.state_vn_VN-13
ward_vn_07054,Xã Quảng La,07054,xa,base.state_vn_VN-13
ward_vn_07060,Xã Thống Nhất,07060,xa,base.state_vn_VN-13
ward_vn_07069,Phường Mạo Khê,07069,phuong,base.state_vn_VN-13
ward_vn_07081,Phường Bình Khê,07081,phuong,base.state_vn_VN-13
ward_vn_07090,Phường An Sinh,07090,phuong,base.state_vn_VN-13
ward_vn_07093,Phường Đông Triều,07093,phuong,base.state_vn_VN-13
ward_vn_07114,Phường Hoàng Quế,07114,phuong,base.state_vn_VN-13
ward_vn_07132,Phường Quảng Yên,07132,phuong,base.state_vn_VN-13
ward_vn_07135,Phường Đông Mai,07135,phuong,base.state_vn_VN-13
ward_vn_07147,Phường Hiệp Hòa,07147,phuong,base.state_vn_VN-13
ward_vn_07168,Phường Hà An,07168,phuong,base.state_vn_VN-13
ward_vn_07180,Phường Liên Hòa,07180,phuong,base.state_vn_VN-13
ward_vn_07183,Phường Phong Cốc,07183,phuong,base.state_vn_VN-13
ward_vn_07192,Đặc khu Cô Tô,07192,dac_khu,base.state_vn_VN-13
ward_vn_07210,Phường Bắc Giang,07210,phuong,base.state_vn_VN-56
ward_vn_07228,Phường Đa Mai,07228,phuong,base.state_vn_VN-56
ward_vn_07246,Xã Xuân Lương,07246,xa,base.state_vn_VN-56
ward_vn_07264,Xã Tam Tiến,07264,xa,base.state_vn_VN-56
ward_vn_07282,Xã Đồng Kỳ,07282,xa,base.state_vn_VN-56
ward_vn_07288,Xã Yên Thế,07288,xa,base.state_vn_VN-56
ward_vn_07294,Xã Bố Hạ,07294,xa,base.state_vn_VN-56
ward_vn_07306,Xã Nhã Nam,07306,xa,base.state_vn_VN-56
ward_vn_07330,Xã Phúc Hòa,07330,xa,base.state_vn_VN-56
ward_vn_07333,Xã Quang Trung,07333,xa,base.state_vn_VN-56
ward_vn_07339,Xã Tân Yên,07339,xa,base.state_vn_VN-56
ward_vn_07351,Xã Ngọc Thiện,07351,xa,base.state_vn_VN-56
ward_vn_07375,Xã Lạng Giang,07375,xa,base.state_vn_VN-56
ward_vn_07381,Xã Tiên Lục,07381,xa,base.state_vn_VN-56
ward_vn_07399,Xã Kép,07399,xa,base.state_vn_VN-56
ward_vn_07420,Xã Mỹ Thái,07420,xa,base.state_vn_VN-56
ward_vn_07432,Xã Tân Dĩnh,07432,xa,base.state_vn_VN-56
ward_vn_07444,Xã Lục Nam,07444,xa,base.state_vn_VN-56
ward_vn_07450,Xã Đông Phú,07450,xa,base.state_vn_VN-56
ward_vn_07462,Xã Bảo Đài,07462,xa,base.state_vn_VN-56
ward_vn_07486,Xã Nghĩa Phương,07486,xa,base.state_vn_VN-56
ward_vn_07489,Xã Trường Sơn,07489,xa,base.state_vn_VN-56
ward_vn_07492,Xã Lục Sơn,07492,xa,base.state_vn_VN-56
ward_vn_07498,Xã Bắc Lũng,07498,xa,base.state_vn_VN-56
ward_vn_07519,Xã Cẩm Lý,07519,xa,base.state_vn_VN-56
ward_vn_07525,Phường Chũ,07525,phuong,base.state_vn_VN-56
ward_vn_07531,Xã Tân Sơn,07531,xa,base.state_vn_VN-56
ward_vn_07534,Xã Sa Lý,07534,xa,base.state_vn_VN-56
ward_vn_07537,Xã Biên Sơn,07537,xa,base.state_vn_VN-56
ward_vn_07543,Xã Sơn Hải,07543,xa,base.state_vn_VN-56
ward_vn_07552,Xã Kiên Lao,07552,xa,base.state_vn_VN-56
ward_vn_07573,Xã Biển Động,07573,xa,base.state_vn_VN-56
ward_vn_07582,Xã Lục Ngạn,07582,xa,base.state_vn_VN-56
ward_vn_07594,Xã Đèo Gia,07594,xa,base.state_vn_VN-56
ward_vn_07603,Xã Nam Dương,07603,xa,base.state_vn_VN-56
ward_vn_07612,Phường Phượng Sơn,07612,phuong,base.state_vn_VN-56
ward_vn_07615,Xã Sơn Động,07615,xa,base.state_vn_VN-56
ward_vn_07616,Xã Tây Yên Tử,07616,xa,base.state_vn_VN-56
ward_vn_07621,Xã Vân Sơn,07621,xa,base.state_vn_VN-56
ward_vn_07627,Xã Đại Sơn,07627,xa,base.state_vn_VN-56
ward_vn_07642,Xã Yên Định,07642,xa,base.state_vn_VN-56
ward_vn_07654,Xã An Lạc,07654,xa,base.state_vn_VN-56
ward_vn_07663,Xã Tuấn Đạo,07663,xa,base.state_vn_VN-56
ward_vn_07672,Xã Dương Hưu,07672,xa,base.state_vn_VN-56
ward_vn_07681,Phường Yên Dũng,07681,phuong,base.state_vn_VN-56
ward_vn_07682,Phường Tân An,07682,phuong,base.state_vn_VN-56
ward_vn_07696,Phường Tiền Phong,07696,phuong,base.state_vn_VN-56
ward_vn_07699,Phường Tân Tiến,07699,phuong,base.state_vn_VN-56
ward_vn_07735,Xã Đồng Việt,07735,xa,base.state_vn_VN-56
ward_vn_07738,Phường Cảnh Thụy,07738,phuong,base.state_vn_VN-56
ward_vn_07774,Phường Tự Lạn,07774,phuong,base.state_vn_VN-56
ward_vn_07777,Phường Việt Yên,07777,phuong,base.state_vn_VN-56
ward_vn_07795,Phường Nếnh,07795,phuong,base.state_vn_VN-56
ward_vn_07798,Phường Vân Hà,07798,phuong,base.state_vn_VN-56
ward_vn_07822,Xã Hoàng Vân,07822,xa,base.state_vn_VN-56
ward_vn_07840,Xã Hiệp Hoà,07840,xa,base.state_vn_VN-56
ward_vn_07864,Xã Hợp Thịnh,07864,xa,base.state_vn_VN-56
ward_vn_07870,Xã Xuân Cẩm,07870,xa,base.state_vn_VN-56
ward_vn_09169,Phường Vũ Ninh,09169,phuong,base.state_vn_VN-56
ward_vn_09187,Phường Kinh Bắc,09187,phuong,base.state_vn_VN-56
ward_vn_09190,Phường Võ Cường,09190,phuong,base.state_vn_VN-56
ward_vn_09193,Xã Yên Phong,09193,xa,base.state_vn_VN-56
ward_vn_09202,Xã Tam Giang,09202,xa,base.state_vn_VN-56
ward_vn_09205,Xã Yên Trung,09205,xa,base.state_vn_VN-56
ward_vn_09208,Xã Tam Đa,09208,xa,base.state_vn_VN-56
ward_vn_09238,Xã Văn Môn,09238,xa,base.state_vn_VN-56
ward_vn_09247,Phường Quế Võ,09247,phuong,base.state_vn_VN-56
ward_vn_09253,Phường Nhân Hòa,09253,phuong,base.state_vn_VN-56
ward_vn_09265,Phường Phương Liễu,09265,phuong,base.state_vn_VN-56
ward_vn_09286,Phường Nam Sơn,09286,phuong,base.state_vn_VN-56
ward_vn_09292,Xã Phù Lãng,09292,xa,base.state_vn_VN-56
ward_vn_09295,Phường Bồng Lai,09295,phuong,base.state_vn_VN-56
ward_vn_09301,Phường Đào Viên,09301,phuong,base.state_vn_VN-56
ward_vn_09313,Xã Chi Lăng,09313,xa,base.state_vn_VN-56
ward_vn_09319,Xã Tiên Du,09319,xa,base.state_vn_VN-56
ward_vn_09325,Phường Hạp Lĩnh,09325,phuong,base.state_vn_VN-56
ward_vn_09334,Xã Liên Bão,09334,xa,base.state_vn_VN-56
ward_vn_09340,Xã Đại Đồng,09340,xa,base.state_vn_VN-56
ward_vn_09343,Xã Tân Chi,09343,xa,base.state_vn_VN-56
ward_vn_09349,Xã Phật Tích,09349,xa,base.state_vn_VN-56
ward_vn_09367,Phường Từ Sơn,09367,phuong,base.state_vn_VN-56
ward_vn_09370,Phường Tam Sơn,09370,phuong,base.state_vn_VN-56
ward_vn_09379,Phường Phù Khê,09379,phuong,base.state_vn_VN-56
ward_vn_09385,Phường Đồng Nguyên,09385,phuong,base.state_vn_VN-56
ward_vn_09400,Phường Thuận Thành,09400,phuong,base.state_vn_VN-56
ward_vn_09409,Phường Mão Điền,09409,phuong,base.state_vn_VN-56
ward_vn_09427,Phường Trí Quả,09427,phuong,base.state_vn_VN-56
ward_vn_09430,Phường Trạm Lộ,09430,phuong,base.state_vn_VN-56
ward_vn_09433,Phường Song Liễu,09433,phuong,base.state_vn_VN-56
ward_vn_09445,Phường Ninh Xá,09445,phuong,base.state_vn_VN-56
ward_vn_09454,Xã Gia Bình,09454,xa,base.state_vn_VN-56
ward_vn_09466,Xã Cao Đức,09466,xa,base.state_vn_VN-56
ward_vn_09469,Xã Đại Lai,09469,xa,base.state_vn_VN-56
ward_vn_09475,Xã Nhân Thắng,09475,xa,base.state_vn_VN-56
ward_vn_09487,Xã Đông Cứu,09487,xa,base.state_vn_VN-56
ward_vn_09496,Xã Lương Tài,09496,xa,base.state_vn_VN-56
ward_vn_09499,Xã Trung Kênh,09499,xa,base.state_vn_VN-56
ward_vn_09523,Xã Trung Chính,09523,xa,base.state_vn_VN-56
ward_vn_09529,Xã Lâm Thao,09529,xa,base.state_vn_VN-56
ward_vn_04792,Phường Tân Hòa,04792,phuong,base.state_vn_VN-68
ward_vn_04795,Phường Hòa Bình,04795,phuong,base.state_vn_VN-68
ward_vn_04828,Phường Thống Nhất,04828,phuong,base.state_vn_VN-68
ward_vn_04831,Xã Đà Bắc,04831,xa,base.state_vn_VN-68
ward_vn_04846,Xã Đức Nhàn,04846,xa,base.state_vn_VN-68
ward_vn_04849,Xã Tân Pheo,04849,xa,base.state_vn_VN-68
ward_vn_04873,Xã Quy Đức,04873,xa,base.state_vn_VN-68
ward_vn_04876,Xã Cao Sơn,04876,xa,base.state_vn_VN-68
ward_vn_04891,Xã Tiền Phong,04891,xa,base.state_vn_VN-68
ward_vn_04894,Phường Kỳ Sơn,04894,phuong,base.state_vn_VN-68
ward_vn_04897,Xã Thịnh Minh,04897,xa,base.state_vn_VN-68
ward_vn_04924,Xã Lương Sơn,04924,xa,base.state_vn_VN-68
ward_vn_04960,Xã Liên Sơn,04960,xa,base.state_vn_VN-68
ward_vn_04978,Xã Kim Bôi,04978,xa,base.state_vn_VN-68
ward_vn_04990,Xã Nật Sơn,04990,xa,base.state_vn_VN-68
ward_vn_05014,Xã Mường Động,05014,xa,base.state_vn_VN-68
ward_vn_05047,Xã Cao Dương,05047,xa,base.state_vn_VN-68
ward_vn_05068,Xã Hợp Kim,05068,xa,base.state_vn_VN-68
ward_vn_05086,Xã Dũng Tiến,05086,xa,base.state_vn_VN-68
ward_vn_05089,Xã Cao Phong,05089,xa,base.state_vn_VN-68
ward_vn_05092,Xã Thung Nai,05092,xa,base.state_vn_VN-68
ward_vn_05116,Xã Mường Thàng,05116,xa,base.state_vn_VN-68
ward_vn_05128,Xã Tân Lạc,05128,xa,base.state_vn_VN-68
ward_vn_05134,Xã Mường Hoa,05134,xa,base.state_vn_VN-68
ward_vn_05152,Xã Vân Sơn,05152,xa,base.state_vn_VN-68
ward_vn_05158,Xã Mường Bi,05158,xa,base.state_vn_VN-68
ward_vn_05191,Xã Toàn Thắng,05191,xa,base.state_vn_VN-68
ward_vn_05200,Xã Mai Châu,05200,xa,base.state_vn_VN-68
ward_vn_05206,Xã Tân Mai,05206,xa,base.state_vn_VN-68
ward_vn_05212,Xã Pà Cò,05212,xa,base.state_vn_VN-68
ward_vn_05245,Xã Bao La,05245,xa,base.state_vn_VN-68
ward_vn_05251,Xã Mai Hạ,05251,xa,base.state_vn_VN-68
ward_vn_05266,Xã Lạc Sơn,05266,xa,base.state_vn_VN-68
ward_vn_05287,Xã Mường Vang,05287,xa,base.state_vn_VN-68
ward_vn_05290,Xã Nhân Nghĩa,05290,xa,base.state_vn_VN-68
ward_vn_05293,Xã Thượng Cốc,05293,xa,base.state_vn_VN-68
ward_vn_05305,Xã Yên Phú,05305,xa,base.state_vn_VN-68
ward_vn_05323,Xã Quyết Thắng,05323,xa,base.state_vn_VN-68
ward_vn_05329,Xã Ngọc Sơn,05329,xa,base.state_vn_VN-68
ward_vn_05347,Xã Đại Đồng,05347,xa,base.state_vn_VN-68
ward_vn_05353,Xã Yên Thủy,05353,xa,base.state_vn_VN-68
ward_vn_05362,Xã Lạc Lương,05362,xa,base.state_vn_VN-68
ward_vn_05386,Xã Yên Trị,05386,xa,base.state_vn_VN-68
ward_vn_05392,Xã Lạc Thủy,05392,xa,base.state_vn_VN-68
ward_vn_05395,Xã An Nghĩa,05395,xa,base.state_vn_VN-68
ward_vn_05425,Xã An Bình,05425,xa,base.state_vn_VN-68
ward_vn_07894,Phường Nông Trang,07894,phuong,base.state_vn_VN-68
ward_vn_07900,Phường Việt Trì,07900,phuong,base.state_vn_VN-68
ward_vn_07909,Phường Thanh Miếu,07909,phuong,base.state_vn_VN-68
ward_vn_07918,Phường Vân Phú,07918,phuong,base.state_vn_VN-68
ward_vn_07942,Phường Phú Thọ,07942,phuong,base.state_vn_VN-68
ward_vn_07948,Phường Âu Cơ,07948,phuong,base.state_vn_VN-68
ward_vn_07954,Phường Phong Châu,07954,phuong,base.state_vn_VN-68
ward_vn_07969,Xã Đoan Hùng,07969,xa,base.state_vn_VN-68
ward_vn_07996,Xã Bằng Luân,07996,xa,base.state_vn_VN-68
ward_vn_07999,Xã Chí Đám,07999,xa,base.state_vn_VN-68
ward_vn_08023,Xã Tây Cốc,08023,xa,base.state_vn_VN-68
ward_vn_08038,Xã Chân Mộng,08038,xa,base.state_vn_VN-68
ward_vn_08053,Xã Hạ Hòa,08053,xa,base.state_vn_VN-68
ward_vn_08071,Xã Đan Thượng,08071,xa,base.state_vn_VN-68
ward_vn_08110,Xã Hiền Lương,08110,xa,base.state_vn_VN-68
ward_vn_08113,Xã Yên Kỳ,08113,xa,base.state_vn_VN-68
ward_vn_08134,Xã Văn Lang,08134,xa,base.state_vn_VN-68
ward_vn_08143,Xã Vĩnh Chân,08143,xa,base.state_vn_VN-68
ward_vn_08152,Xã Thanh Ba,08152,xa,base.state_vn_VN-68
ward_vn_08173,Xã Quảng Yên,08173,xa,base.state_vn_VN-68
ward_vn_08203,Xã Hoàng Cương,08203,xa,base.state_vn_VN-68
ward_vn_08209,Xã Đông Thành,08209,xa,base.state_vn_VN-68
ward_vn_08218,Xã Chí Tiên,08218,xa,base.state_vn_VN-68
ward_vn_08227,Xã Liên Minh,08227,xa,base.state_vn_VN-68
ward_vn_08230,Xã Phù Ninh,08230,xa,base.state_vn_VN-68
ward_vn_08236,Xã Phú Mỹ,08236,xa,base.state_vn_VN-68
ward_vn_08245,Xã Trạm Thản,08245,xa,base.state_vn_VN-68
ward_vn_08254,Xã Dân Chủ,08254,xa,base.state_vn_VN-68
ward_vn_08275,Xã Bình Phú,08275,xa,base.state_vn_VN-68
ward_vn_08290,Xã Yên Lập,08290,xa,base.state_vn_VN-68
ward_vn_08296,Xã Sơn Lương,08296,xa,base.state_vn_VN-68
ward_vn_08305,Xã Xuân Viên,08305,xa,base.state_vn_VN-68
ward_vn_08311,Xã Trung Sơn,08311,xa,base.state_vn_VN-68
ward_vn_08323,Xã Thượng Long,08323,xa,base.state_vn_VN-68
ward_vn_08338,Xã Minh Hòa,08338,xa,base.state_vn_VN-68
ward_vn_08341,Xã Cẩm Khê,08341,xa,base.state_vn_VN-68
ward_vn_08344,Xã Tiên Lương,08344,xa,base.state_vn_VN-68
ward_vn_08377,Xã Vân Bán,08377,xa,base.state_vn_VN-68
ward_vn_08398,Xã Phú Khê,08398,xa,base.state_vn_VN-68
ward_vn_08416,Xã Hùng Việt,08416,xa,base.state_vn_VN-68
ward_vn_08431,Xã Đồng Lương,08431,xa,base.state_vn_VN-68
ward_vn_08434,Xã Tam Nông,08434,xa,base.state_vn_VN-68
ward_vn_08443,Xã Hiền Quan,08443,xa,base.state_vn_VN-68
ward_vn_08467,Xã Vạn Xuân,08467,xa,base.state_vn_VN-68
ward_vn_08479,Xã Thọ Văn,08479,xa,base.state_vn_VN-68
ward_vn_08494,Xã Lâm Thao,08494,xa,base.state_vn_VN-68
ward_vn_08500,Xã Xuân Lũng,08500,xa,base.state_vn_VN-68
ward_vn_08515,Xã Hy Cương,08515,xa,base.state_vn_VN-68
ward_vn_08521,Xã Phùng Nguyên,08521,xa,base.state_vn_VN-68
ward_vn_08527,Xã Bản Nguyên,08527,xa,base.state_vn_VN-68
ward_vn_08542,Xã Thanh Sơn,08542,xa,base.state_vn_VN-68
ward_vn_08545,Xã Thu Cúc,08545,xa,base.state_vn_VN-68
ward_vn_08560,Xã Lai Đồng,08560,xa,base.state_vn_VN-68
ward_vn_08566,Xã Tân Sơn,08566,xa,base.state_vn_VN-68
ward_vn_08584,Xã Võ Miếu,08584,xa,base.state_vn_VN-68
ward_vn_08590,Xã Xuân Đài,08590,xa,base.state_vn_VN-68
ward_vn_08593,Xã Minh Đài,08593,xa,base.state_vn_VN-68
ward_vn_08611,Xã Văn Miếu,08611,xa,base.state_vn_VN-68
ward_vn_08614,Xã Cự Đồng,08614,xa,base.state_vn_VN-68
ward_vn_08620,Xã Long Cốc,08620,xa,base.state_vn_VN-68
ward_vn_08632,Xã Hương Cần,08632,xa,base.state_vn_VN-68
ward_vn_08635,Xã Khả Cửu,08635,xa,base.state_vn_VN-68
ward_vn_08656,Xã Yên Sơn,08656,xa,base.state_vn_VN-68
ward_vn_08662,Xã Đào Xá,08662,xa,base.state_vn_VN-68
ward_vn_08674,Xã Thanh Thủy,08674,xa,base.state_vn_VN-68
ward_vn_08686,Xã Tu Vũ,08686,xa,base.state_vn_VN-68
ward_vn_08707,Phường Vĩnh Yên,08707,phuong,base.state_vn_VN-68
ward_vn_08716,Phường Vĩnh Phúc,08716,phuong,base.state_vn_VN-68
ward_vn_08740,Phường Phúc Yên,08740,phuong,base.state_vn_VN-68
ward_vn_08746,Phường Xuân Hòa,08746,phuong,base.state_vn_VN-68
ward_vn_08761,Xã Lập Thạch,08761,xa,base.state_vn_VN-68
ward_vn_08770,Xã Hợp Lý,08770,xa,base.state_vn_VN-68
ward_vn_08773,Xã Yên Lãng,08773,xa,base.state_vn_VN-68
ward_vn_08782,Xã Hải Lựu,08782,xa,base.state_vn_VN-68
ward_vn_08788,Xã Thái Hòa,08788,xa,base.state_vn_VN-68
ward_vn_08812,Xã Liên Hòa,08812,xa,base.state_vn_VN-68
ward_vn_08824,Xã Tam Sơn,08824,xa,base.state_vn_VN-68
ward_vn_08842,Xã Tiên Lữ,08842,xa,base.state_vn_VN-68
ward_vn_08848,Xã Sông Lô,08848,xa,base.state_vn_VN-68
ward_vn_08866,Xã Sơn Đông,08866,xa,base.state_vn_VN-68
ward_vn_08869,Xã Tam Dương,08869,xa,base.state_vn_VN-68
ward_vn_08872,Xã Tam Dương Bắc,08872,xa,base.state_vn_VN-68
ward_vn_08896,Xã Hoàng An,08896,xa,base.state_vn_VN-68
ward_vn_08905,Xã Hội Thịnh,08905,xa,base.state_vn_VN-68
ward_vn_08911,Xã Tam Đảo,08911,xa,base.state_vn_VN-68
ward_vn_08914,Xã Đạo Trù,08914,xa,base.state_vn_VN-68
ward_vn_08923,Xã Đại Đình,08923,xa,base.state_vn_VN-68
ward_vn_08935,Xã Bình Nguyên,08935,xa,base.state_vn_VN-68
ward_vn_08944,Xã Bình Tuyền,08944,xa,base.state_vn_VN-68
ward_vn_08950,Xã Bình Xuyên,08950,xa,base.state_vn_VN-68
ward_vn_08971,Xã Xuân Lãng,08971,xa,base.state_vn_VN-68
ward_vn_09025,Xã Yên Lạc,09025,xa,base.state_vn_VN-68
ward_vn_09040,Xã Tề Lỗ,09040,xa,base.state_vn_VN-68
ward_vn_09043,Xã Tam Hồng,09043,xa,base.state_vn_VN-68
ward_vn_09052,Xã Nguyệt Đức,09052,xa,base.state_vn_VN-68
ward_vn_09064,Xã Liên Châu,09064,xa,base.state_vn_VN-68
ward_vn_09076,Xã Vĩnh Tường,09076,xa,base.state_vn_VN-68
ward_vn_09079,Xã Vĩnh An,09079,xa,base.state_vn_VN-68
ward_vn_09100,Xã Vĩnh Hưng,09100,xa,base.state_vn_VN-68
ward_vn_09106,Xã Vĩnh Thành,09106,xa,base.state_vn_VN-68
ward_vn_09112,Xã Thổ Tang,09112,xa,base.state_vn_VN-68
ward_vn_09154,Xã Vĩnh Phú,09154,xa,base.state_vn_VN-68
ward_vn_10507,Phường Thành Đông,10507,phuong,base.state_vn_VN-HP
ward_vn_10525,Phường Hải Dương,10525,phuong,base.state_vn_VN-HP
ward_vn_10532,Phường Lê Thanh Nghị,10532,phuong,base.state_vn_VN-HP
ward_vn_10537,Phường Tân Hưng,10537,phuong,base.state_vn_VN-HP
ward_vn_10543,Phường Việt Hòa,10543,phuong,base.state_vn_VN-HP
ward_vn_10546,Phường Chí Linh,10546,phuong,base.state_vn_VN-HP
ward_vn_10549,Phường Chu Văn An,10549,phuong,base.state_vn_VN-HP
ward_vn_10552,Phường Nguyễn Trãi,10552,phuong,base.state_vn_VN-HP
ward_vn_10570,Phường Trần Hưng Đạo,10570,phuong,base.state_vn_VN-HP
ward_vn_10573,Phường Trần Nhân Tông,10573,phuong,base.state_vn_VN-HP
ward_vn_10603,Phường Lê Đại Hành,10603,phuong,base.state_vn_VN-HP
ward_vn_10606,Xã Nam Sách,10606,xa,base.state_vn_VN-HP
ward_vn_10615,Xã Hợp Tiến,10615,xa,base.state_vn_VN-HP
ward_vn_10633,Xã Trần Phú,10633,xa,base.state_vn_VN-HP
ward_vn_10642,Xã Thái Tân,10642,xa,base.state_vn_VN-HP
ward_vn_10645,Xã An Phú,10645,xa,base.state_vn_VN-HP
ward_vn_10660,Phường Ái Quốc,10660,phuong,base.state_vn_VN-HP
ward_vn_10675,Phường Kinh Môn,10675,phuong,base.state_vn_VN-HP
ward_vn_10678,Phường Bắc An Phụ,10678,phuong,base.state_vn_VN-HP
ward_vn_10705,Xã Nam An Phụ,10705,xa,base.state_vn_VN-HP
ward_vn_10714,Phường Nhị Chiểu,10714,phuong,base.state_vn_VN-HP
ward_vn_10726,Phường Phạm Sư Mạnh,10726,phuong,base.state_vn_VN-HP
ward_vn_10729,Phường Trần Liễu,10729,phuong,base.state_vn_VN-HP
ward_vn_10744,Phường Nguyễn Đại Năng,10744,phuong,base.state_vn_VN-HP
ward_vn_10750,Xã Phú Thái,10750,xa,base.state_vn_VN-HP
ward_vn_10756,Xã Lai Khê,10756,xa,base.state_vn_VN-HP
ward_vn_10792,Xã An Thành,10792,xa,base.state_vn_VN-HP
ward_vn_10804,Xã Kim Thành,10804,xa,base.state_vn_VN-HP
ward_vn_10813,Xã Thanh Hà,10813,xa,base.state_vn_VN-HP
ward_vn_10816,Xã Hà Bắc,10816,xa,base.state_vn_VN-HP
ward_vn_10837,Phường Nam Đồng,10837,phuong,base.state_vn_VN-HP
ward_vn_10843,Xã Hà Nam,10843,xa,base.state_vn_VN-HP
ward_vn_10846,Xã Hà Tây,10846,xa,base.state_vn_VN-HP
ward_vn_10882,Xã Hà Đông,10882,xa,base.state_vn_VN-HP
ward_vn_10888,Xã Cẩm Giang,10888,xa,base.state_vn_VN-HP
ward_vn_10891,Phường Tứ Minh,10891,phuong,base.state_vn_VN-HP
ward_vn_10903,Xã Cẩm Giàng,10903,xa,base.state_vn_VN-HP
ward_vn_10909,Xã Tuệ Tĩnh,10909,xa,base.state_vn_VN-HP
ward_vn_10930,Xã Mao Điền,10930,xa,base.state_vn_VN-HP
ward_vn_10945,Xã Kẻ Sặt,10945,xa,base.state_vn_VN-HP
ward_vn_10966,Xã Bình Giang,10966,xa,base.state_vn_VN-HP
ward_vn_10972,Xã Đường An,10972,xa,base.state_vn_VN-HP
ward_vn_10993,Xã Thượng Hồng,10993,xa,base.state_vn_VN-HP
ward_vn_10999,Xã Gia Lộc,10999,xa,base.state_vn_VN-HP
ward_vn_11002,Phường Thạch Khôi,11002,phuong,base.state_vn_VN-HP
ward_vn_11020,Xã Yết Kiêu,11020,xa,base.state_vn_VN-HP
ward_vn_11050,Xã Gia Phúc,11050,xa,base.state_vn_VN-HP
ward_vn_11065,Xã Trường Tân,11065,xa,base.state_vn_VN-HP
ward_vn_11074,Xã Tứ Kỳ,11074,xa,base.state_vn_VN-HP
ward_vn_11086,Xã Đại Sơn,11086,xa,base.state_vn_VN-HP
ward_vn_11113,Xã Tân Kỳ,11113,xa,base.state_vn_VN-HP
ward_vn_11131,Xã Chí Minh,11131,xa,base.state_vn_VN-HP
ward_vn_11140,Xã Lạc Phượng,11140,xa,base.state_vn_VN-HP
ward_vn_11146,Xã Nguyên Giáp,11146,xa,base.state_vn_VN-HP
ward_vn_11164,Xã Vĩnh Lại,11164,xa,base.state_vn_VN-HP
ward_vn_11167,Xã Tân An,11167,xa,base.state_vn_VN-HP
ward_vn_11203,Xã Ninh Giang,11203,xa,base.state_vn_VN-HP
ward_vn_11218,Xã Hồng Châu,11218,xa,base.state_vn_VN-HP
ward_vn_11224,Xã Khúc Thừa Dụ,11224,xa,base.state_vn_VN-HP
ward_vn_11239,Xã Thanh Miện,11239,xa,base.state_vn_VN-HP
ward_vn_11242,Xã Nguyễn Lương Bằng,11242,xa,base.state_vn_VN-HP
ward_vn_11254,Xã Bắc Thanh Miện,11254,xa,base.state_vn_VN-HP
ward_vn_11257,Xã Hải Hưng,11257,xa,base.state_vn_VN-HP
ward_vn_11284,Xã Nam Thanh Miện,11284,xa,base.state_vn_VN-HP
ward_vn_11311,Phường Hồng Bàng,11311,phuong,base.state_vn_VN-HP
ward_vn_11329,Phường Ngô Quyền,11329,phuong,base.state_vn_VN-HP
ward_vn_11359,Phường Gia Viên,11359,phuong,base.state_vn_VN-HP
ward_vn_11383,Phường Lê Chân,11383,phuong,base.state_vn_VN-HP
ward_vn_11407,Phường An Biên,11407,phuong,base.state_vn_VN-HP
ward_vn_11411,Phường Đông Hải,11411,phuong,base.state_vn_VN-HP
ward_vn_11413,Phường Hải An,11413,phuong,base.state_vn_VN-HP
ward_vn_11443,Phường Kiến An,11443,phuong,base.state_vn_VN-HP
ward_vn_11446,Phường Phù Liễn,11446,phuong,base.state_vn_VN-HP
ward_vn_11455,Phường Đồ Sơn,11455,phuong,base.state_vn_VN-HP
ward_vn_11473,Phường Bạch Đằng,11473,phuong,base.state_vn_VN-HP
ward_vn_11488,Phường Lưu Kiếm,11488,phuong,base.state_vn_VN-HP
ward_vn_11503,Xã Việt Khê,11503,xa,base.state_vn_VN-HP
ward_vn_11506,Phường Lê Ích Mộc,11506,phuong,base.state_vn_VN-HP
ward_vn_11533,Phường Hòa Bình,11533,phuong,base.state_vn_VN-HP
ward_vn_11542,Phường Nam Triệu,11542,phuong,base.state_vn_VN-HP
ward_vn_11557,Phường Thiên Hương,11557,phuong,base.state_vn_VN-HP
ward_vn_11560,Phường Thủy Nguyên,11560,phuong,base.state_vn_VN-HP
ward_vn_11581,Phường An Dương,11581,phuong,base.state_vn_VN-HP
ward_vn_11593,Phường An Phong,11593,phuong,base.state_vn_VN-HP
ward_vn_11602,Phường Hồng An,11602,phuong,base.state_vn_VN-HP
ward_vn_11617,Phường An Hải,11617,phuong,base.state_vn_VN-HP
ward_vn_11629,Xã An Lão,11629,xa,base.state_vn_VN-HP
ward_vn_11635,Xã An Trường,11635,xa,base.state_vn_VN-HP
ward_vn_11647,Xã An Quang,11647,xa,base.state_vn_VN-HP
ward_vn_11668,Xã An Khánh,11668,xa,base.state_vn_VN-HP
ward_vn_11674,Xã An Hưng,11674,xa,base.state_vn_VN-HP
ward_vn_11680,Xã Kiến Thụy,11680,xa,base.state_vn_VN-HP
ward_vn_11689,Phường Hưng Đạo,11689,phuong,base.state_vn_VN-HP
ward_vn_11692,Phường Dương Kinh,11692,phuong,base.state_vn_VN-HP
ward_vn_11713,Xã Nghi Dương,11713,xa,base.state_vn_VN-HP
ward_vn_11725,Xã Kiến Minh,11725,xa,base.state_vn_VN-HP
ward_vn_11728,Xã Kiến Hưng,11728,xa,base.state_vn_VN-HP
ward_vn_11737,Phường Nam Đồ Sơn,11737,phuong,base.state_vn_VN-HP
ward_vn_11749,Xã Kiến Hải,11749,xa,base.state_vn_VN-HP
ward_vn_11755,Xã Tiên Lãng,11755,xa,base.state_vn_VN-HP
ward_vn_11761,Xã Quyết Thắng,11761,xa,base.state_vn_VN-HP
ward_vn_11779,Xã Tân Minh,11779,xa,base.state_vn_VN-HP
ward_vn_11791,Xã Tiên Minh,11791,xa,base.state_vn_VN-HP
ward_vn_11806,Xã Chấn Hưng,11806,xa,base.state_vn_VN-HP
ward_vn_11809,Xã Hùng Thắng,11809,xa,base.state_vn_VN-HP
ward_vn_11824,Xã Vĩnh Bảo,11824,xa,base.state_vn_VN-HP
ward_vn_11836,Xã Vĩnh Thịnh,11836,xa,base.state_vn_VN-HP
ward_vn_11842,Xã Vĩnh Thuận,11842,xa,base.state_vn_VN-HP
ward_vn_11848,Xã Vĩnh Hòa,11848,xa,base.state_vn_VN-HP
ward_vn_11875,Xã Vĩnh Hải,11875,xa,base.state_vn_VN-HP
ward_vn_11887,Xã Vĩnh Am,11887,xa,base.state_vn_VN-HP
ward_vn_11911,Xã Nguyễn Bỉnh Khiêm,11911,xa,base.state_vn_VN-HP
ward_vn_11914,Đặc khu Cát Hải,11914,dac_khu,base.state_vn_VN-HP
ward_vn_11948,Đặc khu Bạch Long Vĩ,11948,dac_khu,base.state_vn_VN-HP
ward_vn_11953,Phường Phố Hiến,11953,phuong,base.state_vn_VN-66
ward_vn_11977,Xã Tân Hưng,11977,xa,base.state_vn_VN-66
ward_vn_11980,Phường Hồng Châu,11980,phuong,base.state_vn_VN-66
ward_vn_11983,Phường Sơn Nam,11983,phuong,base.state_vn_VN-66
ward_vn_11992,Xã Lạc Đạo,11992,xa,base.state_vn_VN-66
ward_vn_11995,Xã Đại Đồng,11995,xa,base.state_vn_VN-66
ward_vn_12004,Xã Như Quỳnh,12004,xa,base.state_vn_VN-66
ward_vn_12019,Xã Văn Giang,12019,xa,base.state_vn_VN-66
ward_vn_12025,Xã Phụng Công,12025,xa,base.state_vn_VN-66
ward_vn_12031,Xã Nghĩa Trụ,12031,xa,base.state_vn_VN-66
ward_vn_12049,Xã Mễ Sở,12049,xa,base.state_vn_VN-66
ward_vn_12064,Xã Nguyễn Văn Linh,12064,xa,base.state_vn_VN-66
ward_vn_12070,Xã Hoàn Long,12070,xa,base.state_vn_VN-66
ward_vn_12073,Xã Yên Mỹ,12073,xa,base.state_vn_VN-66
ward_vn_12091,Xã Việt Yên,12091,xa,base.state_vn_VN-66
ward_vn_12103,Phường Mỹ Hào,12103,phuong,base.state_vn_VN-66
ward_vn_12127,Phường Thượng Hồng,12127,phuong,base.state_vn_VN-66
ward_vn_12133,Phường Đường Hào,12133,phuong,base.state_vn_VN-66
ward_vn_12142,Xã Ân Thi,12142,xa,base.state_vn_VN-66
ward_vn_12148,Xã Phạm Ngũ Lão,12148,xa,base.state_vn_VN-66
ward_vn_12166,Xã Xuân Trúc,12166,xa,base.state_vn_VN-66
ward_vn_12184,Xã Nguyễn Trãi,12184,xa,base.state_vn_VN-66
ward_vn_12196,Xã Hồng Quang,12196,xa,base.state_vn_VN-66
ward_vn_12205,Xã Khoái Châu,12205,xa,base.state_vn_VN-66
ward_vn_12223,Xã Triệu Việt Vương,12223,xa,base.state_vn_VN-66
ward_vn_12238,Xã Việt Tiến,12238,xa,base.state_vn_VN-66
ward_vn_12247,Xã Châu Ninh,12247,xa,base.state_vn_VN-66
ward_vn_12271,Xã Chí Minh,12271,xa,base.state_vn_VN-66
ward_vn_12280,Xã Lương Bằng,12280,xa,base.state_vn_VN-66
ward_vn_12286,Xã Nghĩa Dân,12286,xa,base.state_vn_VN-66
ward_vn_12313,Xã Đức Hợp,12313,xa,base.state_vn_VN-66
ward_vn_12322,Xã Hiệp Cường,12322,xa,base.state_vn_VN-66
ward_vn_12337,Xã Hoàng Hoa Thám,12337,xa,base.state_vn_VN-66
ward_vn_12361,Xã Tiên Hoa,12361,xa,base.state_vn_VN-66
ward_vn_12364,Xã Tiên Lữ,12364,xa,base.state_vn_VN-66
ward_vn_12391,Xã Quang Hưng,12391,xa,base.state_vn_VN-66
ward_vn_12406,Xã Đoàn Đào,12406,xa,base.state_vn_VN-66
ward_vn_12424,Xã Tiên Tiến,12424,xa,base.state_vn_VN-66
ward_vn_12427,Xã Tống Trân,12427,xa,base.state_vn_VN-66
ward_vn_12452,Phường Trần Hưng Đạo,12452,phuong,base.state_vn_VN-66
ward_vn_12454,Phường Trần Lãm,12454,phuong,base.state_vn_VN-66
ward_vn_12466,Phường Vũ Phúc,12466,phuong,base.state_vn_VN-66
ward_vn_12472,Xã Quỳnh Phụ,12472,xa,base.state_vn_VN-66
ward_vn_12499,Xã A Sào,12499,xa,base.state_vn_VN-66
ward_vn_12511,Xã Minh Thọ,12511,xa,base.state_vn_VN-66
ward_vn_12517,Xã Ngọc Lâm,12517,xa,base.state_vn_VN-66
ward_vn_12523,Xã Phụ Dực,12523,xa,base.state_vn_VN-66
ward_vn_12526,Xã Đồng Bằng,12526,xa,base.state_vn_VN-66
ward_vn_12532,Xã Nguyễn Du,12532,xa,base.state_vn_VN-66
ward_vn_12577,Xã Quỳnh An,12577,xa,base.state_vn_VN-66
ward_vn_12583,Xã Tân Tiến,12583,xa,base.state_vn_VN-66
ward_vn_12586,Xã Hưng Hà,12586,xa,base.state_vn_VN-66
ward_vn_12595,Xã Ngự Thiên,12595,xa,base.state_vn_VN-66
ward_vn_12613,Xã Long Hưng,12613,xa,base.state_vn_VN-66
ward_vn_12619,Xã Diên Hà,12619,xa,base.state_vn_VN-66
ward_vn_12631,Xã Thần Khê,12631,xa,base.state_vn_VN-66
ward_vn_12634,Xã Tiên La,12634,xa,base.state_vn_VN-66
ward_vn_12676,Xã Lê Quý Đôn,12676,xa,base.state_vn_VN-66
ward_vn_12685,Xã Hồng Minh,12685,xa,base.state_vn_VN-66
ward_vn_12688,Xã Đông Hưng,12688,xa,base.state_vn_VN-66
ward_vn_12694,Xã Bắc Đông Hưng,12694,xa,base.state_vn_VN-66
ward_vn_12700,Xã Bắc Tiên Hưng,12700,xa,base.state_vn_VN-66
ward_vn_12736,Xã Đông Tiên Hưng,12736,xa,base.state_vn_VN-66
ward_vn_12745,Xã Bắc Đông Quan,12745,xa,base.state_vn_VN-66
ward_vn_12754,Xã Tiên Hưng,12754,xa,base.state_vn_VN-66
ward_vn_12763,Xã Nam Tiên Hưng,12763,xa,base.state_vn_VN-66
ward_vn_12775,Xã Nam Đông Hưng,12775,xa,base.state_vn_VN-66
ward_vn_12793,Xã Đông Quan,12793,xa,base.state_vn_VN-66
ward_vn_12817,Phường Trà Lý,12817,phuong,base.state_vn_VN-66
ward_vn_12826,Xã Thái Thụy,12826,xa,base.state_vn_VN-66
ward_vn_12850,Xã Tây Thụy Anh,12850,xa,base.state_vn_VN-66
ward_vn_12859,Xã Bắc Thụy Anh,12859,xa,base.state_vn_VN-66
ward_vn_12862,Xã Đông Thụy Anh,12862,xa,base.state_vn_VN-66
ward_vn_12865,Xã Thụy Anh,12865,xa,base.state_vn_VN-66
ward_vn_12904,Xã Nam Thụy Anh,12904,xa,base.state_vn_VN-66
ward_vn_12916,Xã Bắc Thái Ninh,12916,xa,base.state_vn_VN-66
ward_vn_12919,Xã Tây Thái Ninh,12919,xa,base.state_vn_VN-66
ward_vn_12922,Xã Thái Ninh,12922,xa,base.state_vn_VN-66
ward_vn_12943,Xã Đông Thái Ninh,12943,xa,base.state_vn_VN-66
ward_vn_12961,Xã Nam Thái Ninh,12961,xa,base.state_vn_VN-66
ward_vn_12970,Xã Tiền Hải,12970,xa,base.state_vn_VN-66
ward_vn_12988,Xã Đông Tiền Hải,12988,xa,base.state_vn_VN-66
ward_vn_13003,Xã Đồng Châu,13003,xa,base.state_vn_VN-66
ward_vn_13021,Xã Ái Quốc,13021,xa,base.state_vn_VN-66
ward_vn_13039,Xã Tây Tiền Hải,13039,xa,base.state_vn_VN-66
ward_vn_13057,Xã Nam Cường,13057,xa,base.state_vn_VN-66
ward_vn_13063,Xã Nam Tiền Hải,13063,xa,base.state_vn_VN-66
ward_vn_13066,Xã Hưng Phú,13066,xa,base.state_vn_VN-66
ward_vn_13075,Xã Kiến Xương,13075,xa,base.state_vn_VN-66
ward_vn_13093,Xã Trà Giang,13093,xa,base.state_vn_VN-66
ward_vn_13096,Xã Bình Nguyên,13096,xa,base.state_vn_VN-66
ward_vn_13120,Xã Lê Lợi,13120,xa,base.state_vn_VN-66
ward_vn_13132,Xã Quang Lịch,13132,xa,base.state_vn_VN-66
ward_vn_13141,Xã Vũ Quý,13141,xa,base.state_vn_VN-66
ward_vn_13159,Xã Hồng Vũ,13159,xa,base.state_vn_VN-66
ward_vn_13183,Xã Bình Thanh,13183,xa,base.state_vn_VN-66
ward_vn_13186,Xã Bình Định,13186,xa,base.state_vn_VN-66
ward_vn_13192,Xã Vũ Thư,13192,xa,base.state_vn_VN-66
ward_vn_13219,Xã Vạn Xuân,13219,xa,base.state_vn_VN-66
ward_vn_13222,Xã Thư Trì,13222,xa,base.state_vn_VN-66
ward_vn_13225,Phường Thái Bình,13225,phuong,base.state_vn_VN-66
ward_vn_13246,Xã Tân Thuận,13246,xa,base.state_vn_VN-66
ward_vn_13264,Xã Thư Vũ,13264,xa,base.state_vn_VN-66
ward_vn_13279,Xã Vũ Tiên,13279,xa,base.state_vn_VN-66
ward_vn_13285,Phường Phủ Lý,13285,phuong,base.state_vn_VN-18
ward_vn_13291,Phường Phù Vân,13291,phuong,base.state_vn_VN-18
ward_vn_13318,Phường Châu Sơn,13318,phuong,base.state_vn_VN-18
ward_vn_13324,Phường Duy Tiên,13324,phuong,base.state_vn_VN-18
ward_vn_13330,Phường Duy Tân,13330,phuong,base.state_vn_VN-18
ward_vn_13336,Phường Duy Hà,13336,phuong,base.state_vn_VN-18
ward_vn_13348,Phường Đồng Văn,13348,phuong,base.state_vn_VN-18
ward_vn_13363,Phường Tiên Sơn,13363,phuong,base.state_vn_VN-18
ward_vn_13366,Phường Hà Nam,13366,phuong,base.state_vn_VN-18
ward_vn_13384,Phường Kim Bảng,13384,phuong,base.state_vn_VN-18
ward_vn_13393,Phường Lê Hồ,13393,phuong,base.state_vn_VN-18
ward_vn_13396,Phường Nguyễn Uý,13396,phuong,base.state_vn_VN-18
ward_vn_13402,Phường Kim Thanh,13402,phuong,base.state_vn_VN-18
ward_vn_13420,Phường Tam Chúc,13420,phuong,base.state_vn_VN-18
ward_vn_13435,Phường Lý Thường Kiệt,13435,phuong,base.state_vn_VN-18
ward_vn_13444,Phường Liêm Tuyền,13444,phuong,base.state_vn_VN-18
ward_vn_13456,Xã Liêm Hà,13456,xa,base.state_vn_VN-18
ward_vn_13474,Xã Tân Thanh,13474,xa,base.state_vn_VN-18
ward_vn_13483,Xã Thanh Bình,13483,xa,base.state_vn_VN-18
ward_vn_13489,Xã Thanh Lâm,13489,xa,base.state_vn_VN-18
ward_vn_13495,Xã Thanh Liêm,13495,xa,base.state_vn_VN-18
ward_vn_13501,Xã Bình Mỹ,13501,xa,base.state_vn_VN-18
ward_vn_13504,Xã Bình Lục,13504,xa,base.state_vn_VN-18
ward_vn_13531,Xã Bình Giang,13531,xa,base.state_vn_VN-18
ward_vn_13540,Xã Bình An,13540,xa,base.state_vn_VN-18
ward_vn_13558,Xã Bình Sơn,13558,xa,base.state_vn_VN-18
ward_vn_13573,Xã Lý Nhân,13573,xa,base.state_vn_VN-18
ward_vn_13579,Xã Bắc Lý,13579,xa,base.state_vn_VN-18
ward_vn_13591,Xã Nam Xang,13591,xa,base.state_vn_VN-18
ward_vn_13594,Xã Trần Thương,13594,xa,base.state_vn_VN-18
ward_vn_13597,Xã Vĩnh Trụ,13597,xa,base.state_vn_VN-18
ward_vn_13609,Xã Nhân Hà,13609,xa,base.state_vn_VN-18
ward_vn_13627,Xã Nam Lý,13627,xa,base.state_vn_VN-18
ward_vn_13669,Phường Nam Định,13669,phuong,base.state_vn_VN-18
ward_vn_13684,Phường Thiên Trường,13684,phuong,base.state_vn_VN-18
ward_vn_13693,Phường Đông A,13693,phuong,base.state_vn_VN-18
ward_vn_13699,Phường Thành Nam,13699,phuong,base.state_vn_VN-18
ward_vn_13708,Phường Mỹ Lộc,13708,phuong,base.state_vn_VN-18
ward_vn_13741,Xã Vụ Bản,13741,xa,base.state_vn_VN-18
ward_vn_13750,Xã Minh Tân,13750,xa,base.state_vn_VN-18
ward_vn_13753,Xã Hiển Khánh,13753,xa,base.state_vn_VN-18
ward_vn_13777,Phường Trường Thi,13777,phuong,base.state_vn_VN-18
ward_vn_13786,Xã Liên Minh,13786,xa,base.state_vn_VN-18
ward_vn_13795,Xã Ý Yên,13795,xa,base.state_vn_VN-18
ward_vn_13807,Xã Tân Minh,13807,xa,base.state_vn_VN-18
ward_vn_13822,Xã Phong Doanh,13822,xa,base.state_vn_VN-18
ward_vn_13834,Xã Vũ Dương,13834,xa,base.state_vn_VN-18
ward_vn_13864,Xã Vạn Thắng,13864,xa,base.state_vn_VN-18
ward_vn_13870,Xã Yên Cường,13870,xa,base.state_vn_VN-18
ward_vn_13879,Xã Yên Đồng,13879,xa,base.state_vn_VN-18
ward_vn_13891,Xã Nghĩa Hưng,13891,xa,base.state_vn_VN-18
ward_vn_13894,Xã Rạng Đông,13894,xa,base.state_vn_VN-18
ward_vn_13900,Xã Đồng Thịnh,13900,xa,base.state_vn_VN-18
ward_vn_13918,Xã Nghĩa Sơn,13918,xa,base.state_vn_VN-18
ward_vn_13927,Xã Hồng Phong,13927,xa,base.state_vn_VN-18
ward_vn_13939,Xã Quỹ Nhất,13939,xa,base.state_vn_VN-18
ward_vn_13957,Xã Nghĩa Lâm,13957,xa,base.state_vn_VN-18
ward_vn_13966,Xã Nam Trực,13966,xa,base.state_vn_VN-18
ward_vn_13972,Phường Vị Khê,13972,phuong,base.state_vn_VN-18
ward_vn_13984,Phường Hồng Quang,13984,phuong,base.state_vn_VN-18
ward_vn_13987,Xã Nam Hồng,13987,xa,base.state_vn_VN-18
ward_vn_14005,Xã Nam Ninh,14005,xa,base.state_vn_VN-18
ward_vn_14011,Xã Nam Minh,14011,xa,base.state_vn_VN-18
ward_vn_14014,Xã Nam Đồng,14014,xa,base.state_vn_VN-18
ward_vn_14026,Xã Cổ Lễ,14026,xa,base.state_vn_VN-18
ward_vn_14038,Xã Ninh Giang,14038,xa,base.state_vn_VN-18
ward_vn_14053,Xã Trực Ninh,14053,xa,base.state_vn_VN-18
ward_vn_14056,Xã Cát Thành,14056,xa,base.state_vn_VN-18
ward_vn_14062,Xã Quang Hưng,14062,xa,base.state_vn_VN-18
ward_vn_14071,Xã Minh Thái,14071,xa,base.state_vn_VN-18
ward_vn_14077,Xã Ninh Cường,14077,xa,base.state_vn_VN-18
ward_vn_14089,Xã Xuân Trường,14089,xa,base.state_vn_VN-18
ward_vn_14095,Xã Xuân Hồng,14095,xa,base.state_vn_VN-18
ward_vn_14104,Xã Xuân Giang,14104,xa,base.state_vn_VN-18
ward_vn_14122,Xã Xuân Hưng,14122,xa,base.state_vn_VN-18
ward_vn_14161,Xã Giao Minh,14161,xa,base.state_vn_VN-18
ward_vn_14167,Xã Giao Thuỷ,14167,xa,base.state_vn_VN-18
ward_vn_14179,Xã Giao Hưng,14179,xa,base.state_vn_VN-18
ward_vn_14182,Xã Giao Hoà,14182,xa,base.state_vn_VN-18
ward_vn_14194,Xã Giao Bình,14194,xa,base.state_vn_VN-18
ward_vn_14203,Xã Giao Phúc,14203,xa,base.state_vn_VN-18
ward_vn_14212,Xã Giao Ninh,14212,xa,base.state_vn_VN-18
ward_vn_14215,Xã Hải Hậu,14215,xa,base.state_vn_VN-18
ward_vn_14218,Xã Hải Tiến,14218,xa,base.state_vn_VN-18
ward_vn_14221,Xã Hải Thịnh,14221,xa,base.state_vn_VN-18
ward_vn_14236,Xã Hải Anh,14236,xa,base.state_vn_VN-18
ward_vn_14248,Xã Hải Hưng,14248,xa,base.state_vn_VN-18
ward_vn_14281,Xã Hải An,14281,xa,base.state_vn_VN-18
ward_vn_14287,Xã Hải Quang,14287,xa,base.state_vn_VN-18
ward_vn_14308,Xã Hải Xuân,14308,xa,base.state_vn_VN-18
ward_vn_14329,Phường Hoa Lư,14329,phuong,base.state_vn_VN-18
ward_vn_14359,Phường Nam Hoa Lư,14359,phuong,base.state_vn_VN-18
ward_vn_14362,Phường Tam Điệp,14362,phuong,base.state_vn_VN-18
ward_vn_14365,Phường Trung Sơn,14365,phuong,base.state_vn_VN-18
ward_vn_14371,Phường Yên Sơn,14371,phuong,base.state_vn_VN-18
ward_vn_14389,Xã Gia Lâm,14389,xa,base.state_vn_VN-18
ward_vn_14401,Xã Gia Tường,14401,xa,base.state_vn_VN-18
ward_vn_14404,Xã Cúc Phương,14404,xa,base.state_vn_VN-18
ward_vn_14407,Xã Phú Sơn,14407,xa,base.state_vn_VN-18
ward_vn_14428,Xã Nho Quan,14428,xa,base.state_vn_VN-18
ward_vn_14434,Xã Thanh Sơn,14434,xa,base.state_vn_VN-18
ward_vn_14452,Xã Quỳnh Lưu,14452,xa,base.state_vn_VN-18
ward_vn_14458,Xã Phú Long,14458,xa,base.state_vn_VN-18
ward_vn_14464,Xã Gia Viễn,14464,xa,base.state_vn_VN-18
ward_vn_14482,Xã Gia Hưng,14482,xa,base.state_vn_VN-18
ward_vn_14488,Xã Gia Vân,14488,xa,base.state_vn_VN-18
ward_vn_14494,Xã Gia Trấn,14494,xa,base.state_vn_VN-18
ward_vn_14500,Xã Đại Hoàng,14500,xa,base.state_vn_VN-18
ward_vn_14524,Xã Gia Phong,14524,xa,base.state_vn_VN-18
ward_vn_14533,Phường Tây Hoa Lư,14533,phuong,base.state_vn_VN-18
ward_vn_14560,Xã Yên Khánh,14560,xa,base.state_vn_VN-18
ward_vn_14563,Xã Khánh Thiện,14563,xa,base.state_vn_VN-18
ward_vn_14566,Phường Đông Hoa Lư,14566,phuong,base.state_vn_VN-18
ward_vn_14608,Xã Khánh Trung,14608,xa,base.state_vn_VN-18
ward_vn_14611,Xã Khánh Nhạc,14611,xa,base.state_vn_VN-18
ward_vn_14614,Xã Khánh Hội,14614,xa,base.state_vn_VN-18
ward_vn_14620,Xã Phát Diệm,14620,xa,base.state_vn_VN-18
ward_vn_14623,Xã Bình Minh,14623,xa,base.state_vn_VN-18
ward_vn_14638,Xã Kim Sơn,14638,xa,base.state_vn_VN-18
ward_vn_14647,Xã Quang Thiện,14647,xa,base.state_vn_VN-18
ward_vn_14653,Xã Chất Bình,14653,xa,base.state_vn_VN-18
ward_vn_14674,Xã Lai Thành,14674,xa,base.state_vn_VN-18
ward_vn_14677,Xã Định Hóa,14677,xa,base.state_vn_VN-18
ward_vn_14698,Xã Kim Đông,14698,xa,base.state_vn_VN-18
ward_vn_14701,Xã Yên Mô,14701,xa,base.state_vn_VN-18
ward_vn_14725,Phường Yên Thắng,14725,phuong,base.state_vn_VN-18
ward_vn_14728,Xã Yên Từ,14728,xa,base.state_vn_VN-18
ward_vn_14743,Xã Yên Mạc,14743,xa,base.state_vn_VN-18
ward_vn_14746,Xã Đồng Thái,14746,xa,base.state_vn_VN-18
ward_vn_14758,Phường Hàm Rồng,14758,phuong,base.state_vn_VN-21
ward_vn_14797,Phường Hạc Thành,14797,phuong,base.state_vn_VN-21
ward_vn_14812,Phường Bỉm Sơn,14812,phuong,base.state_vn_VN-21
ward_vn_14818,Phường Quang Trung,14818,phuong,base.state_vn_VN-21
ward_vn_14845,Xã Mường Lát,14845,xa,base.state_vn_VN-21
ward_vn_14848,Xã Tam Chung,14848,xa,base.state_vn_VN-21
ward_vn_14854,Xã Mường Lý,14854,xa,base.state_vn_VN-21
ward_vn_14857,Xã Trung Lý,14857,xa,base.state_vn_VN-21
ward_vn_14860,Xã Quang Chiểu,14860,xa,base.state_vn_VN-21
ward_vn_14863,Xã Pù Nhi,14863,xa,base.state_vn_VN-21
ward_vn_14864,Xã Nhi Sơn,14864,xa,base.state_vn_VN-21
ward_vn_14866,Xã Mường Chanh,14866,xa,base.state_vn_VN-21
ward_vn_14869,Xã Hồi Xuân,14869,xa,base.state_vn_VN-21
ward_vn_14872,Xã Trung Thành,14872,xa,base.state_vn_VN-21
ward_vn_14875,Xã Trung Sơn,14875,xa,base.state_vn_VN-21
ward_vn_14878,Xã Phú Lệ,14878,xa,base.state_vn_VN-21
ward_vn_14890,Xã Phú Xuân,14890,xa,base.state_vn_VN-21
ward_vn_14896,Xã Hiền Kiệt,14896,xa,base.state_vn_VN-21
ward_vn_14902,Xã Nam Xuân,14902,xa,base.state_vn_VN-21
ward_vn_14908,Xã Thiên Phủ,14908,xa,base.state_vn_VN-21
ward_vn_14923,Xã Bá Thước,14923,xa,base.state_vn_VN-21
ward_vn_14932,Xã Điền Quang,14932,xa,base.state_vn_VN-21
ward_vn_14950,Xã Điền Lư,14950,xa,base.state_vn_VN-21
ward_vn_14953,Xã Quý Lương,14953,xa,base.state_vn_VN-21
ward_vn_14956,Xã Pù Luông,14956,xa,base.state_vn_VN-21
ward_vn_14959,Xã Cổ Lũng,14959,xa,base.state_vn_VN-21
ward_vn_14974,Xã Văn Nho,14974,xa,base.state_vn_VN-21
ward_vn_14980,Xã Thiết Ống,14980,xa,base.state_vn_VN-21
ward_vn_15001,Xã Trung Hạ,15001,xa,base.state_vn_VN-21
ward_vn_15007,Xã Tam Thanh,15007,xa,base.state_vn_VN-21
ward_vn_15010,Xã Sơn Thủy,15010,xa,base.state_vn_VN-21
ward_vn_15013,Xã Na Mèo,15013,xa,base.state_vn_VN-21
ward_vn_15016,Xã Quan Sơn,15016,xa,base.state_vn_VN-21
ward_vn_15019,Xã Tam Lư,15019,xa,base.state_vn_VN-21
ward_vn_15022,Xã Sơn Điện,15022,xa,base.state_vn_VN-21
ward_vn_15025,Xã Mường Mìn,15025,xa,base.state_vn_VN-21
ward_vn_15031,Xã Yên Khương,15031,xa,base.state_vn_VN-21
ward_vn_15034,Xã Yên Thắng,15034,xa,base.state_vn_VN-21
ward_vn_15043,Xã Giao An,15043,xa,base.state_vn_VN-21
ward_vn_15049,Xã Văn Phú,15049,xa,base.state_vn_VN-21
ward_vn_15055,Xã Linh Sơn,15055,xa,base.state_vn_VN-21
ward_vn_15058,Xã Đồng Lương,15058,xa,base.state_vn_VN-21
ward_vn_15061,Xã Ngọc Lặc,15061,xa,base.state_vn_VN-21
ward_vn_15085,Xã Thạch Lập,15085,xa,base.state_vn_VN-21
ward_vn_15091,Xã Ngọc Liên,15091,xa,base.state_vn_VN-21
ward_vn_15106,Xã Nguyệt Ấn,15106,xa,base.state_vn_VN-21
ward_vn_15112,Xã Kiên Thọ,15112,xa,base.state_vn_VN-21
ward_vn_15124,Xã Minh Sơn,15124,xa,base.state_vn_VN-21
ward_vn_15127,Xã Cẩm Thủy,15127,xa,base.state_vn_VN-21
ward_vn_15142,Xã Cẩm Thạch,15142,xa,base.state_vn_VN-21
ward_vn_15148,Xã Cẩm Tú,15148,xa,base.state_vn_VN-21
ward_vn_15163,Xã Cẩm Vân,15163,xa,base.state_vn_VN-21
ward_vn_15178,Xã Cẩm Tân,15178,xa,base.state_vn_VN-21
ward_vn_15187,Xã Kim Tân,15187,xa,base.state_vn_VN-21
ward_vn_15190,Xã Vân Du,15190,xa,base.state_vn_VN-21
ward_vn_15199,Xã Thạch Quảng,15199,xa,base.state_vn_VN-21
ward_vn_15211,Xã Thạch Bình,15211,xa,base.state_vn_VN-21
ward_vn_15229,Xã Thành Vinh,15229,xa,base.state_vn_VN-21
ward_vn_15250,Xã Ngọc Trạo,15250,xa,base.state_vn_VN-21
ward_vn_15271,Xã Hà Trung,15271,xa,base.state_vn_VN-21
ward_vn_15274,Xã Hà Long,15274,xa,base.state_vn_VN-21
ward_vn_15286,Xã Hoạt Giang,15286,xa,base.state_vn_VN-21
ward_vn_15298,Xã Lĩnh Toại,15298,xa,base.state_vn_VN-21
ward_vn_15316,Xã Tống Sơn,15316,xa,base.state_vn_VN-21
ward_vn_15349,Xã Vĩnh Lộc,15349,xa,base.state_vn_VN-21
ward_vn_15361,Xã Tây Đô,15361,xa,base.state_vn_VN-21
ward_vn_15382,Xã Biện Thượng,15382,xa,base.state_vn_VN-21
ward_vn_15409,Xã Yên Phú,15409,xa,base.state_vn_VN-21
ward_vn_15412,Xã Quý Lộc,15412,xa,base.state_vn_VN-21
ward_vn_15421,Xã Yên Trường,15421,xa,base.state_vn_VN-21
ward_vn_15442,Xã Yên Ninh,15442,xa,base.state_vn_VN-21
ward_vn_15448,Xã Định Hòa,15448,xa,base.state_vn_VN-21
ward_vn_15457,Xã Định Tân,15457,xa,base.state_vn_VN-21
ward_vn_15469,Xã Yên Định,15469,xa,base.state_vn_VN-21
ward_vn_15499,Xã Thọ Xuân,15499,xa,base.state_vn_VN-21
ward_vn_15505,Xã Thọ Long,15505,xa,base.state_vn_VN-21
ward_vn_15520,Xã Xuân Hòa,15520,xa,base.state_vn_VN-21
ward_vn_15544,Xã Lam Sơn,15544,xa,base.state_vn_VN-21
ward_vn_15553,Xã Sao Vàng,15553,xa,base.state_vn_VN-21
ward_vn_15568,Xã Thọ Lập,15568,xa,base.state_vn_VN-21
ward_vn_15574,Xã Xuân Tín,15574,xa,base.state_vn_VN-21
ward_vn_15592,Xã Xuân Lập,15592,xa,base.state_vn_VN-21
ward_vn_15607,Xã Bát Mọt,15607,xa,base.state_vn_VN-21
ward_vn_15610,Xã Yên Nhân,15610,xa,base.state_vn_VN-21
ward_vn_15622,Xã Vạn Xuân,15622,xa,base.state_vn_VN-21
ward_vn_15628,Xã Lương Sơn,15628,xa,base.state_vn_VN-21
ward_vn_15634,Xã Luận Thành,15634,xa,base.state_vn_VN-21
ward_vn_15643,Xã Thắng Lộc,15643,xa,base.state_vn_VN-21
ward_vn_15646,Xã Thường Xuân,15646,xa,base.state_vn_VN-21
ward_vn_15658,Xã Xuân Chinh,15658,xa,base.state_vn_VN-21
ward_vn_15661,Xã Tân Thành,15661,xa,base.state_vn_VN-21
ward_vn_15664,Xã Triệu Sơn,15664,xa,base.state_vn_VN-21
ward_vn_15667,Xã Thọ Bình,15667,xa,base.state_vn_VN-21
ward_vn_15682,Xã Hợp Tiến,15682,xa,base.state_vn_VN-21
ward_vn_15715,Xã Tân Ninh,15715,xa,base.state_vn_VN-21
ward_vn_15724,Xã Đồng Tiến,15724,xa,base.state_vn_VN-21
ward_vn_15754,Xã Thọ Ngọc,15754,xa,base.state_vn_VN-21
ward_vn_15763,Xã Thọ Phú,15763,xa,base.state_vn_VN-21
ward_vn_15766,Xã An Nông,15766,xa,base.state_vn_VN-21
ward_vn_15772,Xã Thiệu Hóa,15772,xa,base.state_vn_VN-21
ward_vn_15778,Xã Thiệu Tiến,15778,xa,base.state_vn_VN-21
ward_vn_15796,Xã Thiệu Quang,15796,xa,base.state_vn_VN-21
ward_vn_15820,Xã Thiệu Toán,15820,xa,base.state_vn_VN-21
ward_vn_15835,Xã Thiệu Trung,15835,xa,base.state_vn_VN-21
ward_vn_15853,Phường Đông Tiến,15853,phuong,base.state_vn_VN-21
ward_vn_15865,Xã Hoằng Hóa,15865,xa,base.state_vn_VN-21
ward_vn_15880,Xã Hoằng Giang,15880,xa,base.state_vn_VN-21
ward_vn_15889,Xã Hoằng Phú,15889,xa,base.state_vn_VN-21
ward_vn_15910,Xã Hoằng Sơn,15910,xa,base.state_vn_VN-21
ward_vn_15925,Phường Nguyệt Viên,15925,phuong,base.state_vn_VN-21
ward_vn_15961,Xã Hoằng Lộc,15961,xa,base.state_vn_VN-21
ward_vn_15976,Xã Hoằng Châu,15976,xa,base.state_vn_VN-21
ward_vn_15991,Xã Hoằng Tiến,15991,xa,base.state_vn_VN-21
ward_vn_16000,Xã Hoằng Thanh,16000,xa,base.state_vn_VN-21
ward_vn_16012,Xã Hậu Lộc,16012,xa,base.state_vn_VN-21
ward_vn_16021,Xã Triệu Lộc,16021,xa,base.state_vn_VN-21
ward_vn_16033,Xã Đông Thành,16033,xa,base.state_vn_VN-21
ward_vn_16072,Xã Hoa Lộc,16072,xa,base.state_vn_VN-21
ward_vn_16078,Xã Vạn Lộc,16078,xa,base.state_vn_VN-21
ward_vn_16093,Xã Nga Sơn,16093,xa,base.state_vn_VN-21
ward_vn_16108,Xã Tân Tiến,16108,xa,base.state_vn_VN-21
ward_vn_16114,Xã Nga Thắng,16114,xa,base.state_vn_VN-21
ward_vn_16138,Xã Hồ Vương,16138,xa,base.state_vn_VN-21
ward_vn_16144,Xã Nga An,16144,xa,base.state_vn_VN-21
ward_vn_16171,Xã Ba Đình,16171,xa,base.state_vn_VN-21
ward_vn_16174,Xã Như Xuân,16174,xa,base.state_vn_VN-21
ward_vn_16177,Xã Xuân Bình,16177,xa,base.state_vn_VN-21
ward_vn_16186,Xã Hóa Quỳ,16186,xa,base.state_vn_VN-21
ward_vn_16213,Xã Thanh Phong,16213,xa,base.state_vn_VN-21
ward_vn_16222,Xã Thanh Quân,16222,xa,base.state_vn_VN-21
ward_vn_16225,Xã Thượng Ninh,16225,xa,base.state_vn_VN-21
ward_vn_16228,Xã Như Thanh,16228,xa,base.state_vn_VN-21
ward_vn_16234,Xã Xuân Du,16234,xa,base.state_vn_VN-21
ward_vn_16249,Xã Mậu Lâm,16249,xa,base.state_vn_VN-21
ward_vn_16258,Xã Xuân Thái,16258,xa,base.state_vn_VN-21
ward_vn_16264,Xã Yên Thọ,16264,xa,base.state_vn_VN-21
ward_vn_16273,Xã Thanh Kỳ,16273,xa,base.state_vn_VN-21
ward_vn_16279,Xã Nông Cống,16279,xa,base.state_vn_VN-21
ward_vn_16297,Xã Trung Chính,16297,xa,base.state_vn_VN-21
ward_vn_16309,Xã Thắng Lợi,16309,xa,base.state_vn_VN-21
ward_vn_16342,Xã Thăng Bình,16342,xa,base.state_vn_VN-21
ward_vn_16348,Xã Trường Văn,16348,xa,base.state_vn_VN-21
ward_vn_16363,Xã Tượng Lĩnh,16363,xa,base.state_vn_VN-21
ward_vn_16369,Xã Công Chính,16369,xa,base.state_vn_VN-21
ward_vn_16378,Phường Đông Sơn,16378,phuong,base.state_vn_VN-21
ward_vn_16417,Phường Đông Quang,16417,phuong,base.state_vn_VN-21
ward_vn_16438,Xã Lưu Vệ,16438,xa,base.state_vn_VN-21
ward_vn_16480,Xã Quảng Yên,16480,xa,base.state_vn_VN-21
ward_vn_16489,Xã Quảng Chính,16489,xa,base.state_vn_VN-21
ward_vn_16498,Xã Quảng Ngọc,16498,xa,base.state_vn_VN-21
ward_vn_16516,Phường Nam Sầm Sơn,16516,phuong,base.state_vn_VN-21
ward_vn_16522,Phường Quảng Phú,16522,phuong,base.state_vn_VN-21
ward_vn_16531,Phường Sầm Sơn,16531,phuong,base.state_vn_VN-21
ward_vn_16540,Xã Quảng Ninh,16540,xa,base.state_vn_VN-21
ward_vn_16543,Xã Quảng Bình,16543,xa,base.state_vn_VN-21
ward_vn_16549,Xã Tiên Trang,16549,xa,base.state_vn_VN-21
ward_vn_16561,Phường Tĩnh Gia,16561,phuong,base.state_vn_VN-21
ward_vn_16576,Phường Ngọc Sơn,16576,phuong,base.state_vn_VN-21
ward_vn_16591,Xã Các Sơn,16591,xa,base.state_vn_VN-21
ward_vn_16594,Phường Tân Dân,16594,phuong,base.state_vn_VN-21
ward_vn_16597,Phường Hải Lĩnh,16597,phuong,base.state_vn_VN-21
ward_vn_16609,Phường Đào Duy Từ,16609,phuong,base.state_vn_VN-21
ward_vn_16624,Phường Trúc Lâm,16624,phuong,base.state_vn_VN-21
ward_vn_16636,Xã Trường Lâm,16636,xa,base.state_vn_VN-21
ward_vn_16645,Phường Hải Bình,16645,phuong,base.state_vn_VN-21
ward_vn_16654,Phường Nghi Sơn,16654,phuong,base.state_vn_VN-21
ward_vn_16681,Phường Thành Vinh,16681,phuong,base.state_vn_VN-22
ward_vn_16690,Phường Trường Vinh,16690,phuong,base.state_vn_VN-22
ward_vn_16702,Phường Vinh Phú,16702,phuong,base.state_vn_VN-22
ward_vn_16708,Phường Vinh Lộc,16708,phuong,base.state_vn_VN-22
ward_vn_16732,Phường Cửa Lò,16732,phuong,base.state_vn_VN-22
ward_vn_16738,Xã Quế Phong,16738,xa,base.state_vn_VN-22
ward_vn_16744,Xã Thông Thụ,16744,xa,base.state_vn_VN-22
ward_vn_16750,Xã Tiền Phong,16750,xa,base.state_vn_VN-22
ward_vn_16756,Xã Tri Lễ,16756,xa,base.state_vn_VN-22
ward_vn_16774,Xã Mường Quàng,16774,xa,base.state_vn_VN-22
ward_vn_16777,Xã Quỳ Châu,16777,xa,base.state_vn_VN-22
ward_vn_16792,Xã Châu Tiến,16792,xa,base.state_vn_VN-22
ward_vn_16801,Xã Hùng Chân,16801,xa,base.state_vn_VN-22
ward_vn_16804,Xã Châu Bình,16804,xa,base.state_vn_VN-22
ward_vn_16813,Xã Mường Xén,16813,xa,base.state_vn_VN-22
ward_vn_16816,Xã Mỹ Lý,16816,xa,base.state_vn_VN-22
ward_vn_16819,Xã Bắc Lý,16819,xa,base.state_vn_VN-22
ward_vn_16822,Xã Keng Đu,16822,xa,base.state_vn_VN-22
ward_vn_16828,Xã Huồi Tụ,16828,xa,base.state_vn_VN-22
ward_vn_16831,Xã Mường Lống,16831,xa,base.state_vn_VN-22
ward_vn_16834,Xã Na Loi,16834,xa,base.state_vn_VN-22
ward_vn_16837,Xã Nậm Cắn,16837,xa,base.state_vn_VN-22
ward_vn_16849,Xã Hữu Kiệm,16849,xa,base.state_vn_VN-22
ward_vn_16855,Xã Chiêu Lưu,16855,xa,base.state_vn_VN-22
ward_vn_16858,Xã Mường Típ,16858,xa,base.state_vn_VN-22
ward_vn_16870,Xã Na Ngoi,16870,xa,base.state_vn_VN-22
ward_vn_16876,Xã Tương Dương,16876,xa,base.state_vn_VN-22
ward_vn_16882,Xã Nhôn Mai,16882,xa,base.state_vn_VN-22
ward_vn_16885,Xã Hữu Khuông,16885,xa,base.state_vn_VN-22
ward_vn_16903,Xã Nga My,16903,xa,base.state_vn_VN-22
ward_vn_16906,Xã Lượng Minh,16906,xa,base.state_vn_VN-22
ward_vn_16909,Xã Yên Hòa,16909,xa,base.state_vn_VN-22
ward_vn_16912,Xã Yên Na,16912,xa,base.state_vn_VN-22
ward_vn_16933,Xã Tam Quang,16933,xa,base.state_vn_VN-22
ward_vn_16936,Xã Tam Thái,16936,xa,base.state_vn_VN-22
ward_vn_16939,Phường Thái Hòa,16939,phuong,base.state_vn_VN-22
ward_vn_16941,Xã Nghĩa Đàn,16941,xa,base.state_vn_VN-22
ward_vn_16951,Xã Nghĩa Lâm,16951,xa,base.state_vn_VN-22
ward_vn_16969,Xã Nghĩa Thọ,16969,xa,base.state_vn_VN-22
ward_vn_16972,Xã Nghĩa Hưng,16972,xa,base.state_vn_VN-22
ward_vn_16975,Xã Nghĩa Mai,16975,xa,base.state_vn_VN-22
ward_vn_17011,Phường Tây Hiếu,17011,phuong,base.state_vn_VN-22
ward_vn_17017,Xã Đông Hiếu,17017,xa,base.state_vn_VN-22
ward_vn_17029,Xã Nghĩa Lộc,17029,xa,base.state_vn_VN-22
ward_vn_17032,Xã Nghĩa Khánh,17032,xa,base.state_vn_VN-22
ward_vn_17035,Xã Quỳ Hợp,17035,xa,base.state_vn_VN-22
ward_vn_17044,Xã Châu Hồng,17044,xa,base.state_vn_VN-22
ward_vn_17056,Xã Châu Lộc,17056,xa,base.state_vn_VN-22
ward_vn_17059,Xã Tam Hợp,17059,xa,base.state_vn_VN-22
ward_vn_17071,Xã Minh Hợp,17071,xa,base.state_vn_VN-22
ward_vn_17077,Xã Mường Ham,17077,xa,base.state_vn_VN-22
ward_vn_17089,Xã Mường Chọng,17089,xa,base.state_vn_VN-22
ward_vn_17110,Phường Hoàng Mai,17110,phuong,base.state_vn_VN-22
ward_vn_17125,Phường Quỳnh Mai,17125,phuong,base.state_vn_VN-22
ward_vn_17128,Phường Tân Mai,17128,phuong,base.state_vn_VN-22
ward_vn_17143,Xã Quỳnh Văn,17143,xa,base.state_vn_VN-22
ward_vn_17149,Xã Quỳnh Tam,17149,xa,base.state_vn_VN-22
ward_vn_17170,Xã Quỳnh Sơn,17170,xa,base.state_vn_VN-22
ward_vn_17176,Xã Quỳnh Anh,17176,xa,base.state_vn_VN-22
ward_vn_17179,Xã Quỳnh Lưu,17179,xa,base.state_vn_VN-22
ward_vn_17212,Xã Quỳnh Phú,17212,xa,base.state_vn_VN-22
ward_vn_17224,Xã Quỳnh Thắng,17224,xa,base.state_vn_VN-22
ward_vn_17230,Xã Bình Chuẩn,17230,xa,base.state_vn_VN-22
ward_vn_17239,Xã Mậu Thạch,17239,xa,base.state_vn_VN-22
ward_vn_17242,Xã Cam Phục,17242,xa,base.state_vn_VN-22
ward_vn_17248,Xã Châu Khê,17248,xa,base.state_vn_VN-22
ward_vn_17254,Xã Con Cuông,17254,xa,base.state_vn_VN-22
ward_vn_17263,Xã Môn Sơn,17263,xa,base.state_vn_VN-22
ward_vn_17266,Xã Tân Kỳ,17266,xa,base.state_vn_VN-22
ward_vn_17272,Xã Tân Phú,17272,xa,base.state_vn_VN-22
ward_vn_17278,Xã Giai Xuân,17278,xa,base.state_vn_VN-22
ward_vn_17284,Xã Nghĩa Đồng,17284,xa,base.state_vn_VN-22
ward_vn_17287,Xã Tiên Đồng,17287,xa,base.state_vn_VN-22
ward_vn_17305,Xã Tân An,17305,xa,base.state_vn_VN-22
ward_vn_17326,Xã Nghĩa Hành,17326,xa,base.state_vn_VN-22
ward_vn_17329,Xã Anh Sơn,17329,xa,base.state_vn_VN-22
ward_vn_17335,Xã Thành Bình Thọ,17335,xa,base.state_vn_VN-22
ward_vn_17344,Xã Nhân Hòa,17344,xa,base.state_vn_VN-22
ward_vn_17357,Xã Vĩnh Tường,17357,xa,base.state_vn_VN-22
ward_vn_17365,Xã Anh Sơn Đông,17365,xa,base.state_vn_VN-22
ward_vn_17380,Xã Yên Xuân,17380,xa,base.state_vn_VN-22
ward_vn_17395,Xã Hùng Châu,17395,xa,base.state_vn_VN-22
ward_vn_17416,Xã Đức Châu,17416,xa,base.state_vn_VN-22
ward_vn_17419,Xã Hải Châu,17419,xa,base.state_vn_VN-22
ward_vn_17443,Xã Quảng Châu,17443,xa,base.state_vn_VN-22
ward_vn_17464,Xã Diễn Châu,17464,xa,base.state_vn_VN-22
ward_vn_17476,Xã Minh Châu,17476,xa,base.state_vn_VN-22
ward_vn_17479,Xã An Châu,17479,xa,base.state_vn_VN-22
ward_vn_17488,Xã Tân Châu,17488,xa,base.state_vn_VN-22
ward_vn_17506,Xã Yên Thành,17506,xa,base.state_vn_VN-22
ward_vn_17515,Xã Bình Minh,17515,xa,base.state_vn_VN-22
ward_vn_17521,Xã Quang Đồng,17521,xa,base.state_vn_VN-22
ward_vn_17524,Xã Giai Lạc,17524,xa,base.state_vn_VN-22
ward_vn_17530,Xã Đông Thành,17530,xa,base.state_vn_VN-22
ward_vn_17560,Xã Vân Du,17560,xa,base.state_vn_VN-22
ward_vn_17569,Xã Quan Thành,17569,xa,base.state_vn_VN-22
ward_vn_17605,Xã Hợp Minh,17605,xa,base.state_vn_VN-22
ward_vn_17611,Xã Vân Tụ,17611,xa,base.state_vn_VN-22
ward_vn_17623,Xã Bạch Ngọc,17623,xa,base.state_vn_VN-22
ward_vn_17641,Xã Lương Sơn,17641,xa,base.state_vn_VN-22
ward_vn_17662,Xã Đô Lương,17662,xa,base.state_vn_VN-22
ward_vn_17677,Xã Văn Hiến,17677,xa,base.state_vn_VN-22
ward_vn_17689,Xã Thuần Trung,17689,xa,base.state_vn_VN-22
ward_vn_17707,Xã Bạch Hà,17707,xa,base.state_vn_VN-22
ward_vn_17713,Xã Đại Đồng,17713,xa,base.state_vn_VN-22
ward_vn_17722,Xã Hạnh Lâm,17722,xa,base.state_vn_VN-22
ward_vn_17728,Xã Cát Ngạn,17728,xa,base.state_vn_VN-22
ward_vn_17743,Xã Tam Đồng,17743,xa,base.state_vn_VN-22
ward_vn_17759,Xã Sơn Lâm,17759,xa,base.state_vn_VN-22
ward_vn_17770,Xã Hoa Quân,17770,xa,base.state_vn_VN-22
ward_vn_17779,Xã Xuân Lâm,17779,xa,base.state_vn_VN-22
ward_vn_17791,Xã Kim Bảng,17791,xa,base.state_vn_VN-22
ward_vn_17818,Xã Bích Hào,17818,xa,base.state_vn_VN-22
ward_vn_17827,Xã Nghi Lộc,17827,xa,base.state_vn_VN-22
ward_vn_17833,Xã Hải Lộc,17833,xa,base.state_vn_VN-22
ward_vn_17842,Xã Thần Lĩnh,17842,xa,base.state_vn_VN-22
ward_vn_17854,Xã Văn Kiều,17854,xa,base.state_vn_VN-22
ward_vn_17857,Xã Phúc Lộc,17857,xa,base.state_vn_VN-22
ward_vn_17866,Xã Trung Lộc,17866,xa,base.state_vn_VN-22
ward_vn_17878,Xã Đông Lộc,17878,xa,base.state_vn_VN-22
ward_vn_17920,Phường Vinh Hưng,17920,phuong,base.state_vn_VN-22
ward_vn_17935,Xã Nam Đàn,17935,xa,base.state_vn_VN-22
ward_vn_17944,Xã Đại Huệ,17944,xa,base.state_vn_VN-22
ward_vn_17950,Xã Vạn An,17950,xa,base.state_vn_VN-22
ward_vn_17971,Xã Kim Liên,17971,xa,base.state_vn_VN-22
ward_vn_17989,Xã Thiên Nhẫn,17989,xa,base.state_vn_VN-22
ward_vn_18001,Xã Hưng Nguyên,18001,xa,base.state_vn_VN-22
ward_vn_18007,Xã Yên Trung,18007,xa,base.state_vn_VN-22
ward_vn_18028,Xã Hưng Nguyên Nam,18028,xa,base.state_vn_VN-22
ward_vn_18040,Xã Lam Thành,18040,xa,base.state_vn_VN-22
ward_vn_18073,Phường Thành Sen,18073,phuong,base.state_vn_VN-23
ward_vn_18100,Phường Trần Phú,18100,phuong,base.state_vn_VN-23
ward_vn_18115,Phường Bắc Hồng Lĩnh,18115,phuong,base.state_vn_VN-23
ward_vn_18118,Phường Nam Hồng Lĩnh,18118,phuong,base.state_vn_VN-23
ward_vn_18133,Xã Hương Sơn,18133,xa,base.state_vn_VN-23
ward_vn_18160,Xã Sơn Hồng,18160,xa,base.state_vn_VN-23
ward_vn_18163,Xã Sơn Tiến,18163,xa,base.state_vn_VN-23
ward_vn_18172,Xã Sơn Tây,18172,xa,base.state_vn_VN-23
ward_vn_18184,Xã Sơn Giang,18184,xa,base.state_vn_VN-23
ward_vn_18196,Xã Sơn Kim 1,18196,xa,base.state_vn_VN-23
ward_vn_18199,Xã Sơn Kim 2,18199,xa,base.state_vn_VN-23
ward_vn_18202,Xã Tứ Mỹ,18202,xa,base.state_vn_VN-23
ward_vn_18223,Xã Kim Hoa,18223,xa,base.state_vn_VN-23
ward_vn_18229,Xã Đức Thọ,18229,xa,base.state_vn_VN-23
ward_vn_18244,Xã Đức Minh,18244,xa,base.state_vn_VN-23
ward_vn_18262,Xã Đức Quang,18262,xa,base.state_vn_VN-23
ward_vn_18277,Xã Đức Thịnh,18277,xa,base.state_vn_VN-23
ward_vn_18304,Xã Đức Đồng,18304,xa,base.state_vn_VN-23
ward_vn_18313,Xã Vũ Quang,18313,xa,base.state_vn_VN-23
ward_vn_18322,Xã Mai Hoa,18322,xa,base.state_vn_VN-23
ward_vn_18328,Xã Thượng Đức,18328,xa,base.state_vn_VN-23
ward_vn_18352,Xã Nghi Xuân,18352,xa,base.state_vn_VN-23
ward_vn_18364,Xã Đan Hải,18364,xa,base.state_vn_VN-23
ward_vn_18373,Xã Tiên Điền,18373,xa,base.state_vn_VN-23
ward_vn_18394,Xã Cổ Đạm,18394,xa,base.state_vn_VN-23
ward_vn_18406,Xã Can Lộc,18406,xa,base.state_vn_VN-23
ward_vn_18409,Xã Hồng Lộc,18409,xa,base.state_vn_VN-23
ward_vn_18418,Xã Tùng Lộc,18418,xa,base.state_vn_VN-23
ward_vn_18436,Xã Trường Lưu,18436,xa,base.state_vn_VN-23
ward_vn_18466,Xã Gia Hanh,18466,xa,base.state_vn_VN-23
ward_vn_18481,Xã Xuân Lộc,18481,xa,base.state_vn_VN-23
ward_vn_18484,Xã Đồng Lộc,18484,xa,base.state_vn_VN-23
ward_vn_18496,Xã Hương Khê,18496,xa,base.state_vn_VN-23
ward_vn_18502,Xã Hà Linh,18502,xa,base.state_vn_VN-23
ward_vn_18523,Xã Hương Bình,18523,xa,base.state_vn_VN-23
ward_vn_18532,Xã Hương Phố,18532,xa,base.state_vn_VN-23
ward_vn_18544,Xã Hương Xuân,18544,xa,base.state_vn_VN-23
ward_vn_18547,Xã Phúc Trạch,18547,xa,base.state_vn_VN-23
ward_vn_18550,Xã Hương Đô,18550,xa,base.state_vn_VN-23
ward_vn_18562,Xã Thạch Hà,18562,xa,base.state_vn_VN-23
ward_vn_18568,Xã Lộc Hà,18568,xa,base.state_vn_VN-23
ward_vn_18583,Xã Mai Phụ,18583,xa,base.state_vn_VN-23
ward_vn_18586,Xã Đông Kinh,18586,xa,base.state_vn_VN-23
ward_vn_18601,Xã Việt Xuyên,18601,xa,base.state_vn_VN-23
ward_vn_18604,Xã Thạch Khê,18604,xa,base.state_vn_VN-23
ward_vn_18619,Xã Đồng Tiến,18619,xa,base.state_vn_VN-23
ward_vn_18628,Xã Thạch Lạc,18628,xa,base.state_vn_VN-23
ward_vn_18634,Xã Toàn Lưu,18634,xa,base.state_vn_VN-23
ward_vn_18652,Phường Hà Huy Tập,18652,phuong,base.state_vn_VN-23
ward_vn_18667,Xã Thạch Xuân,18667,xa,base.state_vn_VN-23
ward_vn_18673,Xã Cẩm Xuyên,18673,xa,base.state_vn_VN-23
ward_vn_18676,Xã Thiên Cầm,18676,xa,base.state_vn_VN-23
ward_vn_18682,Xã Yên Hòa,18682,xa,base.state_vn_VN-23
ward_vn_18685,Xã Cẩm Bình,18685,xa,base.state_vn_VN-23
ward_vn_18736,Xã Cẩm Hưng,18736,xa,base.state_vn_VN-23
ward_vn_18739,Xã Cẩm Duệ,18739,xa,base.state_vn_VN-23
ward_vn_18742,Xã Cẩm Trung,18742,xa,base.state_vn_VN-23
ward_vn_18748,Xã Cẩm Lạc,18748,xa,base.state_vn_VN-23
ward_vn_18754,Phường Sông Trí,18754,phuong,base.state_vn_VN-23
ward_vn_18766,Xã Kỳ Xuân,18766,xa,base.state_vn_VN-23
ward_vn_18775,Xã Kỳ Anh,18775,xa,base.state_vn_VN-23
ward_vn_18781,Phường Hải Ninh,18781,phuong,base.state_vn_VN-23
ward_vn_18787,Xã Kỳ Văn,18787,xa,base.state_vn_VN-23
ward_vn_18790,Xã Kỳ Khang,18790,xa,base.state_vn_VN-23
ward_vn_18814,Xã Kỳ Hoa,18814,xa,base.state_vn_VN-23
ward_vn_18823,Phường Vũng Áng,18823,phuong,base.state_vn_VN-23
ward_vn_18832,Phường Hoành Sơn,18832,phuong,base.state_vn_VN-23
ward_vn_18838,Xã Kỳ Lạc,18838,xa,base.state_vn_VN-23
ward_vn_18844,Xã Kỳ Thượng,18844,xa,base.state_vn_VN-23
ward_vn_18859,Phường Đồng Thuận,18859,phuong,base.state_vn_VN-25
ward_vn_18871,Phường Đồng Sơn,18871,phuong,base.state_vn_VN-25
ward_vn_18880,Phường Đồng Hới,18880,phuong,base.state_vn_VN-25
ward_vn_18901,Xã Minh Hóa,18901,xa,base.state_vn_VN-25
ward_vn_18904,Xã Dân Hóa,18904,xa,base.state_vn_VN-25
ward_vn_18919,Xã Tân Thành,18919,xa,base.state_vn_VN-25
ward_vn_18922,Xã Kim Điền,18922,xa,base.state_vn_VN-25
ward_vn_18943,Xã Kim Phú,18943,xa,base.state_vn_VN-25
ward_vn_18949,Xã Đồng Lê,18949,xa,base.state_vn_VN-25
ward_vn_18952,Xã Tuyên Sơn,18952,xa,base.state_vn_VN-25
ward_vn_18958,Xã Tuyên Lâm,18958,xa,base.state_vn_VN-25
ward_vn_18985,Xã Tuyên Phú,18985,xa,base.state_vn_VN-25
ward_vn_18991,Xã Tuyên Bình,18991,xa,base.state_vn_VN-25
ward_vn_18997,Xã Tuyên Hóa,18997,xa,base.state_vn_VN-25
ward_vn_19009,Phường Ba Đồn,19009,phuong,base.state_vn_VN-25
ward_vn_19021,Xã Phú Trạch,19021,xa,base.state_vn_VN-25
ward_vn_19030,Xã Trung Thuần,19030,xa,base.state_vn_VN-25
ward_vn_19033,Xã Hòa Trạch,19033,xa,base.state_vn_VN-25
ward_vn_19051,Xã Tân Gianh,19051,xa,base.state_vn_VN-25
ward_vn_19057,Xã Quảng Trạch,19057,xa,base.state_vn_VN-25
ward_vn_19066,Phường Bắc Gianh,19066,phuong,base.state_vn_VN-25
ward_vn_19075,Xã Nam Ba Đồn,19075,xa,base.state_vn_VN-25
ward_vn_19093,Xã Nam Gianh,19093,xa,base.state_vn_VN-25
ward_vn_19111,Xã Hoàn Lão,19111,xa,base.state_vn_VN-25
ward_vn_19126,Xã Bắc Trạch,19126,xa,base.state_vn_VN-25
ward_vn_19138,Xã Phong Nha,19138,xa,base.state_vn_VN-25
ward_vn_19141,Xã Bố Trạch,19141,xa,base.state_vn_VN-25
ward_vn_19147,Xã Thượng Trạch,19147,xa,base.state_vn_VN-25
ward_vn_19159,Xã Đông Trạch,19159,xa,base.state_vn_VN-25
ward_vn_19198,Xã Nam Trạch,19198,xa,base.state_vn_VN-25
ward_vn_19204,Xã Trường Sơn,19204,xa,base.state_vn_VN-25
ward_vn_19207,Xã Quảng Ninh,19207,xa,base.state_vn_VN-25
ward_vn_19225,Xã Ninh Châu,19225,xa,base.state_vn_VN-25
ward_vn_19237,Xã Trường Ninh,19237,xa,base.state_vn_VN-25
ward_vn_19246,Xã Lệ Ninh,19246,xa,base.state_vn_VN-25
ward_vn_19249,Xã Lệ Thủy,19249,xa,base.state_vn_VN-25
ward_vn_19255,Xã Cam Hồng,19255,xa,base.state_vn_VN-25
ward_vn_19288,Xã Sen Ngư,19288,xa,base.state_vn_VN-25
ward_vn_19291,Xã Tân Mỹ,19291,xa,base.state_vn_VN-25
ward_vn_19309,Xã Trường Phú,19309,xa,base.state_vn_VN-25
ward_vn_19318,Xã Kim Ngân,19318,xa,base.state_vn_VN-25
ward_vn_19333,Phường Đông Hà,19333,phuong,base.state_vn_VN-25
ward_vn_19351,Phường Nam Đông Hà,19351,phuong,base.state_vn_VN-25
ward_vn_19360,Phường Quảng Trị,19360,phuong,base.state_vn_VN-25
ward_vn_19363,Xã Vĩnh Linh,19363,xa,base.state_vn_VN-25
ward_vn_19366,Xã Bến Quan,19366,xa,base.state_vn_VN-25
ward_vn_19372,Xã Vĩnh Hoàng,19372,xa,base.state_vn_VN-25
ward_vn_19405,Xã Vĩnh Thủy,19405,xa,base.state_vn_VN-25
ward_vn_19414,Xã Cửa Tùng,19414,xa,base.state_vn_VN-25
ward_vn_19429,Xã Khe Sanh,19429,xa,base.state_vn_VN-25
ward_vn_19432,Xã Lao Bảo,19432,xa,base.state_vn_VN-25
ward_vn_19435,Xã Hướng Lập,19435,xa,base.state_vn_VN-25
ward_vn_19441,Xã Hướng Phùng,19441,xa,base.state_vn_VN-25
ward_vn_19462,Xã Tân Lập,19462,xa,base.state_vn_VN-25
ward_vn_19483,Xã A Dơi,19483,xa,base.state_vn_VN-25
ward_vn_19489,Xã Lìa,19489,xa,base.state_vn_VN-25
ward_vn_19495,Xã Gio Linh,19495,xa,base.state_vn_VN-25
ward_vn_19496,Xã Cửa Việt,19496,xa,base.state_vn_VN-25
ward_vn_19501,Xã Bến Hải,19501,xa,base.state_vn_VN-25
ward_vn_19537,Xã Cồn Tiên,19537,xa,base.state_vn_VN-25
ward_vn_19555,Xã Hướng Hiệp,19555,xa,base.state_vn_VN-25
ward_vn_19564,Xã Đakrông,19564,xa,base.state_vn_VN-25
ward_vn_19567,Xã Ba Lòng,19567,xa,base.state_vn_VN-25
ward_vn_19588,Xã Tà Rụt,19588,xa,base.state_vn_VN-25
ward_vn_19594,Xã La Lay,19594,xa,base.state_vn_VN-25
ward_vn_19597,Xã Cam Lộ,19597,xa,base.state_vn_VN-25
ward_vn_19603,Xã Hiếu Giang,19603,xa,base.state_vn_VN-25
ward_vn_19624,Xã Triệu Phong,19624,xa,base.state_vn_VN-25
ward_vn_19639,Xã Nam Cửa Việt,19639,xa,base.state_vn_VN-25
ward_vn_19645,Xã Triệu Bình,19645,xa,base.state_vn_VN-25
ward_vn_19654,Xã Triệu Cơ,19654,xa,base.state_vn_VN-25
ward_vn_19669,Xã Ái Tử,19669,xa,base.state_vn_VN-25
ward_vn_19681,Xã Diên Sanh,19681,xa,base.state_vn_VN-25
ward_vn_19699,Xã Vĩnh Định,19699,xa,base.state_vn_VN-25
ward_vn_19702,Xã Hải Lăng,19702,xa,base.state_vn_VN-25
ward_vn_19735,Xã Nam Hải Lăng,19735,xa,base.state_vn_VN-25
ward_vn_19741,Xã Mỹ Thủy,19741,xa,base.state_vn_VN-25
ward_vn_19742,Đặc khu Cồn Cỏ,19742,dac_khu,base.state_vn_VN-25
ward_vn_19753,Phường Phú Xuân,19753,phuong,base.state_vn_VN-26
ward_vn_19774,Phường Kim Long,19774,phuong,base.state_vn_VN-26
ward_vn_19777,Phường Vỹ Dạ,19777,phuong,base.state_vn_VN-26
ward_vn_19789,Phường Thuận Hóa,19789,phuong,base.state_vn_VN-26
ward_vn_19804,Phường Hương An,19804,phuong,base.state_vn_VN-26
ward_vn_19813,Phường Thủy Xuân,19813,phuong,base.state_vn_VN-26
ward_vn_19815,Phường An Cựu,19815,phuong,base.state_vn_VN-26
ward_vn_19819,Phường Phong Điền,19819,phuong,base.state_vn_VN-26
ward_vn_19828,Phường Phong Phú,19828,phuong,base.state_vn_VN-26
ward_vn_19831,Phường Phong Dinh,19831,phuong,base.state_vn_VN-26
ward_vn_19858,Phường Phong Thái,19858,phuong,base.state_vn_VN-26
ward_vn_19867,Xã Quảng Điền,19867,xa,base.state_vn_VN-26
ward_vn_19873,Phường Phong Quảng,19873,phuong,base.state_vn_VN-26
ward_vn_19885,Xã Đan Điền,19885,xa,base.state_vn_VN-26
ward_vn_19900,Phường Thuận An,19900,phuong,base.state_vn_VN-26
ward_vn_19909,Phường Dương Nỗ,19909,phuong,base.state_vn_VN-26
ward_vn_19918,Xã Phú Hồ,19918,xa,base.state_vn_VN-26
ward_vn_19930,Phường Mỹ Thượng,19930,phuong,base.state_vn_VN-26
ward_vn_19942,Xã Phú Vang,19942,xa,base.state_vn_VN-26
ward_vn_19945,Xã Phú Vinh,19945,xa,base.state_vn_VN-26
ward_vn_19960,Phường Phú Bài,19960,phuong,base.state_vn_VN-26
ward_vn_19969,Phường Thanh Thủy,19969,phuong,base.state_vn_VN-26
ward_vn_19975,Phường Hương Thủy,19975,phuong,base.state_vn_VN-26
ward_vn_19996,Phường Hương Trà,19996,phuong,base.state_vn_VN-26
ward_vn_20014,Phường Hóa Châu,20014,phuong,base.state_vn_VN-26
ward_vn_20017,Phường Kim Trà,20017,phuong,base.state_vn_VN-26
ward_vn_20035,Xã Bình Điền,20035,xa,base.state_vn_VN-26
ward_vn_20044,Xã A Lưới 2,20044,xa,base.state_vn_VN-26
ward_vn_20050,Xã A Lưới 5,20050,xa,base.state_vn_VN-26
ward_vn_20056,Xã A Lưới 1,20056,xa,base.state_vn_VN-26
ward_vn_20071,Xã A Lưới 3,20071,xa,base.state_vn_VN-26
ward_vn_20101,Xã A Lưới 4,20101,xa,base.state_vn_VN-26
ward_vn_20107,Xã Phú Lộc,20107,xa,base.state_vn_VN-26
ward_vn_20122,Xã Vinh Lộc,20122,xa,base.state_vn_VN-26
ward_vn_20131,Xã Hưng Lộc,20131,xa,base.state_vn_VN-26
ward_vn_20137,Xã Chân Mây - Lăng Cô,20137,xa,base.state_vn_VN-26
ward_vn_20140,Xã Lộc An,20140,xa,base.state_vn_VN-26
ward_vn_20161,Xã Khe Tre,20161,xa,base.state_vn_VN-26
ward_vn_20179,Xã Nam Đông,20179,xa,base.state_vn_VN-26
ward_vn_20182,Xã Long Quảng,20182,xa,base.state_vn_VN-26
ward_vn_20194,Phường Hải Vân,20194,phuong,base.state_vn_VN-DN
ward_vn_20197,Phường Liên Chiểu,20197,phuong,base.state_vn_VN-DN
ward_vn_20200,Phường Hòa Khánh,20200,phuong,base.state_vn_VN-DN
ward_vn_20209,Phường Thanh Khê,20209,phuong,base.state_vn_VN-DN
ward_vn_20242,Phường Hải Châu,20242,phuong,base.state_vn_VN-DN
ward_vn_20257,Phường Hòa Cường,20257,phuong,base.state_vn_VN-DN
ward_vn_20260,Phường Cẩm Lệ,20260,phuong,base.state_vn_VN-DN
ward_vn_20263,Phường Sơn Trà,20263,phuong,base.state_vn_VN-DN
ward_vn_20275,Phường An Hải,20275,phuong,base.state_vn_VN-DN
ward_vn_20285,Phường Ngũ Hành Sơn,20285,phuong,base.state_vn_VN-DN
ward_vn_20305,Phường An Khê,20305,phuong,base.state_vn_VN-DN
ward_vn_20308,Xã Bà Nà,20308,xa,base.state_vn_VN-DN
ward_vn_20314,Phường Hòa Xuân,20314,phuong,base.state_vn_VN-DN
ward_vn_20320,Xã Hòa Vang,20320,xa,base.state_vn_VN-DN
ward_vn_20332,Xã Hòa Tiến,20332,xa,base.state_vn_VN-DN
ward_vn_20333,Đặc khu Hoàng Sa,20333,dac_khu,base.state_vn_VN-DN
ward_vn_20335,Phường Bàn Thạch,20335,phuong,base.state_vn_VN-DN
ward_vn_20341,Phường Tam Kỳ,20341,phuong,base.state_vn_VN-DN
ward_vn_20350,Phường Hương Trà,20350,phuong,base.state_vn_VN-DN
ward_vn_20356,Phường Quảng Phú,20356,phuong,base.state_vn_VN-DN
ward_vn_20364,Xã Chiên Đàn,20364,xa,base.state_vn_VN-DN
ward_vn_20380,Xã Tây Hồ,20380,xa,base.state_vn_VN-DN
ward_vn_20392,Xã Phú Ninh,20392,xa,base.state_vn_VN-DN
ward_vn_20401,Phường Hội An Tây,20401,phuong,base.state_vn_VN-DN
ward_vn_20410,Phường Hội An,20410,phuong,base.state_vn_VN-DN
ward_vn_20413,Phường Hội An Đông,20413,phuong,base.state_vn_VN-DN
ward_vn_20434,Xã Tân Hiệp,20434,xa,base.state_vn_VN-DN
ward_vn_20443,Xã Hùng Sơn,20443,xa,base.state_vn_VN-DN
ward_vn_20455,Xã Tây Giang,20455,xa,base.state_vn_VN-DN
ward_vn_20458,Xã Avương,20458,xa,base.state_vn_VN-DN
ward_vn_20467,Xã Đông Giang,20467,xa,base.state_vn_VN-DN
ward_vn_20476,Xã Sông Kôn,20476,xa,base.state_vn_VN-DN
ward_vn_20485,Xã Sông Vàng,20485,xa,base.state_vn_VN-DN
ward_vn_20494,Xã Bến Hiên,20494,xa,base.state_vn_VN-DN
ward_vn_20500,Xã Đại Lộc,20500,xa,base.state_vn_VN-DN
ward_vn_20506,Xã Thượng Đức,20506,xa,base.state_vn_VN-DN
ward_vn_20515,Xã Hà Nha,20515,xa,base.state_vn_VN-DN
ward_vn_20539,Xã Vu Gia,20539,xa,base.state_vn_VN-DN
ward_vn_20542,Xã Phú Thuận,20542,xa,base.state_vn_VN-DN
ward_vn_20551,Phường Điện Bàn,20551,phuong,base.state_vn_VN-DN
ward_vn_20557,Phường Điện Bàn Bắc,20557,phuong,base.state_vn_VN-DN
ward_vn_20569,Xã Điện Bàn Tây,20569,xa,base.state_vn_VN-DN
ward_vn_20575,Phường An Thắng,20575,phuong,base.state_vn_VN-DN
ward_vn_20579,Phường Điện Bàn Đông,20579,phuong,base.state_vn_VN-DN
ward_vn_20587,Xã Gò Nổi,20587,xa,base.state_vn_VN-DN
ward_vn_20599,Xã Nam Phước,20599,xa,base.state_vn_VN-DN
ward_vn_20611,Xã Thu Bồn,20611,xa,base.state_vn_VN-DN
ward_vn_20623,Xã Duy Xuyên,20623,xa,base.state_vn_VN-DN
ward_vn_20635,Xã Duy Nghĩa,20635,xa,base.state_vn_VN-DN
ward_vn_20641,Xã Quế Sơn,20641,xa,base.state_vn_VN-DN
ward_vn_20650,Xã Xuân Phú,20650,xa,base.state_vn_VN-DN
ward_vn_20656,Xã Nông Sơn,20656,xa,base.state_vn_VN-DN
ward_vn_20662,Xã Quế Sơn Trung,20662,xa,base.state_vn_VN-DN
ward_vn_20669,Xã Quế Phước,20669,xa,base.state_vn_VN-DN
ward_vn_20695,Xã Thạnh Mỹ,20695,xa,base.state_vn_VN-DN
ward_vn_20698,Xã La Êê,20698,xa,base.state_vn_VN-DN
ward_vn_20704,Xã La Dêê,20704,xa,base.state_vn_VN-DN
ward_vn_20707,Xã Nam Giang,20707,xa,base.state_vn_VN-DN
ward_vn_20710,Xã Bến Giằng,20710,xa,base.state_vn_VN-DN
ward_vn_20716,Xã Đắc Pring,20716,xa,base.state_vn_VN-DN
ward_vn_20722,Xã Khâm Đức,20722,xa,base.state_vn_VN-DN
ward_vn_20728,Xã Phước Hiệp,20728,xa,base.state_vn_VN-DN
ward_vn_20734,Xã Phước Năng,20734,xa,base.state_vn_VN-DN
ward_vn_20740,Xã Phước Chánh,20740,xa,base.state_vn_VN-DN
ward_vn_20752,Xã Phước Thành,20752,xa,base.state_vn_VN-DN
ward_vn_20767,Xã Việt An,20767,xa,base.state_vn_VN-DN
ward_vn_20770,Xã Phước Trà,20770,xa,base.state_vn_VN-DN
ward_vn_20779,Xã Hiệp Đức,20779,xa,base.state_vn_VN-DN
ward_vn_20791,Xã Thăng Bình,20791,xa,base.state_vn_VN-DN
ward_vn_20794,Xã Thăng An,20794,xa,base.state_vn_VN-DN
ward_vn_20818,Xã Đồng Dương,20818,xa,base.state_vn_VN-DN
ward_vn_20827,Xã Thăng Phú,20827,xa,base.state_vn_VN-DN
ward_vn_20836,Xã Thăng Trường,20836,xa,base.state_vn_VN-DN
ward_vn_20848,Xã Thăng Điền,20848,xa,base.state_vn_VN-DN
ward_vn_20854,Xã Tiên Phước,20854,xa,base.state_vn_VN-DN
ward_vn_20857,Xã Sơn Cẩm Hà,20857,xa,base.state_vn_VN-DN
ward_vn_20875,Xã Lãnh Ngọc,20875,xa,base.state_vn_VN-DN
ward_vn_20878,Xã Thạnh Bình,20878,xa,base.state_vn_VN-DN
ward_vn_20900,Xã Trà My,20900,xa,base.state_vn_VN-DN
ward_vn_20908,Xã Trà Liên,20908,xa,base.state_vn_VN-DN
ward_vn_20920,Xã Trà Đốc,20920,xa,base.state_vn_VN-DN
ward_vn_20923,Xã Trà Tân,20923,xa,base.state_vn_VN-DN
ward_vn_20929,Xã Trà Giáp,20929,xa,base.state_vn_VN-DN
ward_vn_20938,Xã Trà Leng,20938,xa,base.state_vn_VN-DN
ward_vn_20941,Xã Trà Tập,20941,xa,base.state_vn_VN-DN
ward_vn_20944,Xã Nam Trà My,20944,xa,base.state_vn_VN-DN
ward_vn_20950,Xã Trà Linh,20950,xa,base.state_vn_VN-DN
ward_vn_20959,Xã Trà Vân,20959,xa,base.state_vn_VN-DN
ward_vn_20965,Xã Núi Thành,20965,xa,base.state_vn_VN-DN
ward_vn_20971,Xã Tam Xuân,20971,xa,base.state_vn_VN-DN
ward_vn_20977,Xã Đức Phú,20977,xa,base.state_vn_VN-DN
ward_vn_20984,Xã Tam Anh,20984,xa,base.state_vn_VN-DN
ward_vn_20992,Xã Tam Hải,20992,xa,base.state_vn_VN-DN
ward_vn_21004,Xã Tam Mỹ,21004,xa,base.state_vn_VN-DN
ward_vn_21025,Phường Cẩm Thành,21025,phuong,base.state_vn_VN-29
ward_vn_21028,Phường Nghĩa Lộ,21028,phuong,base.state_vn_VN-29
ward_vn_21034,Xã An Phú,21034,xa,base.state_vn_VN-29
ward_vn_21040,Xã Bình Sơn,21040,xa,base.state_vn_VN-29
ward_vn_21061,Xã Vạn Tường,21061,xa,base.state_vn_VN-29
ward_vn_21085,Xã Bình Minh,21085,xa,base.state_vn_VN-29
ward_vn_21100,Xã Bình Chương,21100,xa,base.state_vn_VN-29
ward_vn_21109,Xã Đông Sơn,21109,xa,base.state_vn_VN-29
ward_vn_21115,Xã Trà Bồng,21115,xa,base.state_vn_VN-29
ward_vn_21124,Xã Thanh Bồng,21124,xa,base.state_vn_VN-29
ward_vn_21127,Xã Đông Trà Bồng,21127,xa,base.state_vn_VN-29
ward_vn_21136,Xã Cà Đam,21136,xa,base.state_vn_VN-29
ward_vn_21154,Xã Tây Trà,21154,xa,base.state_vn_VN-29
ward_vn_21157,Xã Tây Trà Bồng,21157,xa,base.state_vn_VN-29
ward_vn_21172,Phường Trương Quang Trọng,21172,phuong,base.state_vn_VN-29
ward_vn_21181,Xã Thọ Phong,21181,xa,base.state_vn_VN-29
ward_vn_21196,Xã Trường Giang,21196,xa,base.state_vn_VN-29
ward_vn_21205,Xã Ba Gia,21205,xa,base.state_vn_VN-29
ward_vn_21211,Xã Tịnh Khê,21211,xa,base.state_vn_VN-29
ward_vn_21220,Xã Sơn Tịnh,21220,xa,base.state_vn_VN-29
ward_vn_21235,Xã Tư Nghĩa,21235,xa,base.state_vn_VN-29
ward_vn_21238,Xã Vệ Giang,21238,xa,base.state_vn_VN-29
ward_vn_21244,Xã Trà Giang,21244,xa,base.state_vn_VN-29
ward_vn_21250,Xã Nghĩa Giang,21250,xa,base.state_vn_VN-29
ward_vn_21289,Xã Sơn Hà,21289,xa,base.state_vn_VN-29
ward_vn_21292,Xã Sơn Hạ,21292,xa,base.state_vn_VN-29
ward_vn_21307,Xã Sơn Linh,21307,xa,base.state_vn_VN-29
ward_vn_21319,Xã Sơn Thủy,21319,xa,base.state_vn_VN-29
ward_vn_21325,Xã Sơn Kỳ,21325,xa,base.state_vn_VN-29
ward_vn_21334,Xã Sơn Tây Thượng,21334,xa,base.state_vn_VN-29
ward_vn_21340,Xã Sơn Tây,21340,xa,base.state_vn_VN-29
ward_vn_21343,Xã Sơn Tây Hạ,21343,xa,base.state_vn_VN-29
ward_vn_21349,Xã Sơn Mai,21349,xa,base.state_vn_VN-29
ward_vn_21361,Xã Minh Long,21361,xa,base.state_vn_VN-29
ward_vn_21364,Xã Nghĩa Hành,21364,xa,base.state_vn_VN-29
ward_vn_21370,Xã Phước Giang,21370,xa,base.state_vn_VN-29
ward_vn_21385,Xã Đình Cương,21385,xa,base.state_vn_VN-29
ward_vn_21388,Xã Thiện Tín,21388,xa,base.state_vn_VN-29
ward_vn_21400,Xã Mộ Đức,21400,xa,base.state_vn_VN-29
ward_vn_21409,Xã Long Phụng,21409,xa,base.state_vn_VN-29
ward_vn_21421,Xã Mỏ Cày,21421,xa,base.state_vn_VN-29
ward_vn_21433,Xã Lân Phong,21433,xa,base.state_vn_VN-29
ward_vn_21439,Phường Đức Phổ,21439,phuong,base.state_vn_VN-29
ward_vn_21451,Phường Trà Câu,21451,phuong,base.state_vn_VN-29
ward_vn_21457,Xã Nguyễn Nghiêm,21457,xa,base.state_vn_VN-29
ward_vn_21472,Xã Khánh Cường,21472,xa,base.state_vn_VN-29
ward_vn_21478,Phường Sa Huỳnh,21478,phuong,base.state_vn_VN-29
ward_vn_21484,Xã Ba Tơ,21484,xa,base.state_vn_VN-29
ward_vn_21490,Xã Ba Vinh,21490,xa,base.state_vn_VN-29
ward_vn_21496,Xã Ba Động,21496,xa,base.state_vn_VN-29
ward_vn_21499,Xã Ba Dinh,21499,xa,base.state_vn_VN-29
ward_vn_21520,Xã Đặng Thùy Trâm,21520,xa,base.state_vn_VN-29
ward_vn_21523,Xã Ba Tô,21523,xa,base.state_vn_VN-29
ward_vn_21529,Xã Ba Vì,21529,xa,base.state_vn_VN-29
ward_vn_21538,Xã Ba Xa,21538,xa,base.state_vn_VN-29
ward_vn_21548,Đặc khu Lý Sơn,21548,dac_khu,base.state_vn_VN-29
ward_vn_23284,Phường Đăk Cấm,23284,phuong,base.state_vn_VN-29
ward_vn_23293,Phường Kon Tum,23293,phuong,base.state_vn_VN-29
ward_vn_23302,Phường Đăk Bla,23302,phuong,base.state_vn_VN-29
ward_vn_23317,Xã Ngọk Bay,23317,xa,base.state_vn_VN-29
ward_vn_23326,Xã Ia Chim,23326,xa,base.state_vn_VN-29
ward_vn_23332,Xã Đăk Rơ Wa,23332,xa,base.state_vn_VN-29
ward_vn_23341,Xã Đăk Pék,23341,xa,base.state_vn_VN-29
ward_vn_23344,Xã Đăk Plô,23344,xa,base.state_vn_VN-29
ward_vn_23356,Xã Xốp,23356,xa,base.state_vn_VN-29
ward_vn_23365,Xã Ngọc Linh,23365,xa,base.state_vn_VN-29
ward_vn_23368,Xã Đăk Long,23368,xa,base.state_vn_VN-29
ward_vn_23374,Xã Đăk Môn,23374,xa,base.state_vn_VN-29
ward_vn_23377,Xã Bờ Y,23377,xa,base.state_vn_VN-29
ward_vn_23383,Xã Dục Nông,23383,xa,base.state_vn_VN-29
ward_vn_23392,Xã Sa Loong,23392,xa,base.state_vn_VN-29
ward_vn_23401,Xã Đăk Tô,23401,xa,base.state_vn_VN-29
ward_vn_23416,Xã Đăk Sao,23416,xa,base.state_vn_VN-29
ward_vn_23419,Xã Đăk Tờ Kan,23419,xa,base.state_vn_VN-29
ward_vn_23425,Xã Tu Mơ Rông,23425,xa,base.state_vn_VN-29
ward_vn_23428,Xã Ngọk Tụ,23428,xa,base.state_vn_VN-29
ward_vn_23430,Xã Kon Đào,23430,xa,base.state_vn_VN-29
ward_vn_23446,Xã Măng Ri,23446,xa,base.state_vn_VN-29
ward_vn_23455,Xã Măng Bút,23455,xa,base.state_vn_VN-29
ward_vn_23473,Xã Măng Đen,23473,xa,base.state_vn_VN-29
ward_vn_23476,Xã Kon Plông,23476,xa,base.state_vn_VN-29
ward_vn_23479,Xã Đăk Rve,23479,xa,base.state_vn_VN-29
ward_vn_23485,Xã Đăk Kôi,23485,xa,base.state_vn_VN-29
ward_vn_23497,Xã Kon Braih,23497,xa,base.state_vn_VN-29
ward_vn_23500,Xã Đăk Hà,23500,xa,base.state_vn_VN-29
ward_vn_23504,Xã Đăk Pxi,23504,xa,base.state_vn_VN-29
ward_vn_23510,Xã Đăk Ui,23510,xa,base.state_vn_VN-29
ward_vn_23512,Xã Đăk Mar,23512,xa,base.state_vn_VN-29
ward_vn_23515,Xã Ngọk Réo,23515,xa,base.state_vn_VN-29
ward_vn_23527,Xã Sa Thầy,23527,xa,base.state_vn_VN-29
ward_vn_23530,Xã Rờ Kơi,23530,xa,base.state_vn_VN-29
ward_vn_23534,Xã Sa Bình,23534,xa,base.state_vn_VN-29
ward_vn_23535,Xã Ia Đal,23535,xa,base.state_vn_VN-29
ward_vn_23536,Xã Mô Rai,23536,xa,base.state_vn_VN-29
ward_vn_23538,Xã Ia Tơi,23538,xa,base.state_vn_VN-29
ward_vn_23548,Xã Ya Ly,23548,xa,base.state_vn_VN-29
ward_vn_21553,Phường Quy Nhơn Bắc,21553,phuong,base.state_vn_VN-30
ward_vn_21583,Phường Quy Nhơn,21583,phuong,base.state_vn_VN-30
ward_vn_21589,Phường Quy Nhơn Tây,21589,phuong,base.state_vn_VN-30
ward_vn_21592,Phường Quy Nhơn Nam,21592,phuong,base.state_vn_VN-30
ward_vn_21601,Phường Quy Nhơn Đông,21601,phuong,base.state_vn_VN-30
ward_vn_21607,Xã Nhơn Châu,21607,xa,base.state_vn_VN-30
ward_vn_21609,Xã An Lão,21609,xa,base.state_vn_VN-30
ward_vn_21616,Xã An Vinh,21616,xa,base.state_vn_VN-30
ward_vn_21622,Xã An Toàn,21622,xa,base.state_vn_VN-30
ward_vn_21628,Xã An Hòa,21628,xa,base.state_vn_VN-30
ward_vn_21637,Phường Tam Quan,21637,phuong,base.state_vn_VN-30
ward_vn_21640,Phường Bồng Sơn,21640,phuong,base.state_vn_VN-30
ward_vn_21655,Phường Hoài Nhơn Bắc,21655,phuong,base.state_vn_VN-30
ward_vn_21661,Phường Hoài Nhơn Tây,21661,phuong,base.state_vn_VN-30
ward_vn_21664,Phường Hoài Nhơn,21664,phuong,base.state_vn_VN-30
ward_vn_21670,Phường Hoài Nhơn Đông,21670,phuong,base.state_vn_VN-30
ward_vn_21673,Phường Hoài Nhơn Nam,21673,phuong,base.state_vn_VN-30
ward_vn_21688,Xã Hoài Ân,21688,xa,base.state_vn_VN-30
ward_vn_21697,Xã Ân Hảo,21697,xa,base.state_vn_VN-30
ward_vn_21703,Xã Vạn Đức,21703,xa,base.state_vn_VN-30
ward_vn_21715,Xã Ân Tường,21715,xa,base.state_vn_VN-30
ward_vn_21727,Xã Kim Sơn,21727,xa,base.state_vn_VN-30
ward_vn_21730,Xã Phù Mỹ,21730,xa,base.state_vn_VN-30
ward_vn_21733,Xã Bình Dương,21733,xa,base.state_vn_VN-30
ward_vn_21739,Xã Phù Mỹ Bắc,21739,xa,base.state_vn_VN-30
ward_vn_21751,Xã Phù Mỹ Đông,21751,xa,base.state_vn_VN-30
ward_vn_21757,Xã Phù Mỹ Tây,21757,xa,base.state_vn_VN-30
ward_vn_21769,Xã An Lương,21769,xa,base.state_vn_VN-30
ward_vn_21775,Xã Phù Mỹ Nam,21775,xa,base.state_vn_VN-30
ward_vn_21786,Xã Vĩnh Thạnh,21786,xa,base.state_vn_VN-30
ward_vn_21787,Xã Vĩnh Sơn,21787,xa,base.state_vn_VN-30
ward_vn_21796,Xã Vĩnh Thịnh,21796,xa,base.state_vn_VN-30
ward_vn_21805,Xã Vĩnh Quang,21805,xa,base.state_vn_VN-30
ward_vn_21808,Xã Tây Sơn,21808,xa,base.state_vn_VN-30
ward_vn_21817,Xã Bình Hiệp,21817,xa,base.state_vn_VN-30
ward_vn_21820,Xã Bình Khê,21820,xa,base.state_vn_VN-30
ward_vn_21829,Xã Bình An,21829,xa,base.state_vn_VN-30
ward_vn_21835,Xã Bình Phú,21835,xa,base.state_vn_VN-30
ward_vn_21853,Xã Phù Cát,21853,xa,base.state_vn_VN-30
ward_vn_21859,Xã Đề Gi,21859,xa,base.state_vn_VN-30
ward_vn_21868,Xã Hội Sơn,21868,xa,base.state_vn_VN-30
ward_vn_21871,Xã Hòa Hội,21871,xa,base.state_vn_VN-30
ward_vn_21880,Xã Cát Tiến,21880,xa,base.state_vn_VN-30
ward_vn_21892,Xã Xuân An,21892,xa,base.state_vn_VN-30
ward_vn_21901,Xã Ngô Mây,21901,xa,base.state_vn_VN-30
ward_vn_21907,Phường Bình Định,21907,phuong,base.state_vn_VN-30
ward_vn_21910,Phường An Nhơn,21910,phuong,base.state_vn_VN-30
ward_vn_21925,Phường An Nhơn Bắc,21925,phuong,base.state_vn_VN-30
ward_vn_21934,Phường An Nhơn Đông,21934,phuong,base.state_vn_VN-30
ward_vn_21940,Xã An Nhơn Tây,21940,xa,base.state_vn_VN-30
ward_vn_21943,Phường An Nhơn Nam,21943,phuong,base.state_vn_VN-30
ward_vn_21952,Xã Tuy Phước,21952,xa,base.state_vn_VN-30
ward_vn_21964,Xã Tuy Phước Bắc,21964,xa,base.state_vn_VN-30
ward_vn_21970,Xã Tuy Phước Đông,21970,xa,base.state_vn_VN-30
ward_vn_21985,Xã Tuy Phước Tây,21985,xa,base.state_vn_VN-30
ward_vn_21994,Xã Vân Canh,21994,xa,base.state_vn_VN-30
ward_vn_21997,Xã Canh Liên,21997,xa,base.state_vn_VN-30
ward_vn_22006,Xã Canh Vinh,22006,xa,base.state_vn_VN-30
ward_vn_23563,Phường Diên Hồng,23563,phuong,base.state_vn_VN-30
ward_vn_23575,Phường Pleiku,23575,phuong,base.state_vn_VN-30
ward_vn_23584,Phường Thống Nhất,23584,phuong,base.state_vn_VN-30
ward_vn_23586,Phường Hội Phú,23586,phuong,base.state_vn_VN-30
ward_vn_23590,Xã Biển Hồ,23590,xa,base.state_vn_VN-30
ward_vn_23602,Phường An Phú,23602,phuong,base.state_vn_VN-30
ward_vn_23611,Xã Gào,23611,xa,base.state_vn_VN-30
ward_vn_23614,Phường An Bình,23614,phuong,base.state_vn_VN-30
ward_vn_23617,Phường An Khê,23617,phuong,base.state_vn_VN-30
ward_vn_23629,Xã Cửu An,23629,xa,base.state_vn_VN-30
ward_vn_23638,Xã Kbang,23638,xa,base.state_vn_VN-30
ward_vn_23644,Xã Đak Rong,23644,xa,base.state_vn_VN-30
ward_vn_23647,Xã Sơn Lang,23647,xa,base.state_vn_VN-30
ward_vn_23650,Xã Krong,23650,xa,base.state_vn_VN-30
ward_vn_23668,Xã Tơ Tung,23668,xa,base.state_vn_VN-30
ward_vn_23674,Xã Kông Bơ La,23674,xa,base.state_vn_VN-30
ward_vn_23677,Xã Đak Đoa,23677,xa,base.state_vn_VN-30
ward_vn_23683,Xã Đak Sơmei,23683,xa,base.state_vn_VN-30
ward_vn_23701,Xã Kon Gang,23701,xa,base.state_vn_VN-30
ward_vn_23710,Xã Ia Băng,23710,xa,base.state_vn_VN-30
ward_vn_23714,Xã KDang,23714,xa,base.state_vn_VN-30
ward_vn_23722,Xã Chư Păh,23722,xa,base.state_vn_VN-30
ward_vn_23728,Xã Ia Khươl,23728,xa,base.state_vn_VN-30
ward_vn_23734,Xã Ia Ly,23734,xa,base.state_vn_VN-30
ward_vn_23749,Xã Ia Phí,23749,xa,base.state_vn_VN-30
ward_vn_23764,Xã Ia Grai,23764,xa,base.state_vn_VN-30
ward_vn_23767,Xã Ia Hrung,23767,xa,base.state_vn_VN-30
ward_vn_23776,Xã Ia Krái,23776,xa,base.state_vn_VN-30
ward_vn_23782,Xã Ia O,23782,xa,base.state_vn_VN-30
ward_vn_23788,Xã Ia Chia,23788,xa,base.state_vn_VN-30
ward_vn_23794,Xã Mang Yang,23794,xa,base.state_vn_VN-30
ward_vn_23798,Xã Ayun,23798,xa,base.state_vn_VN-30
ward_vn_23799,Xã Hra,23799,xa,base.state_vn_VN-30
ward_vn_23812,Xã Lơ Pang,23812,xa,base.state_vn_VN-30
ward_vn_23818,Xã Kon Chiêng,23818,xa,base.state_vn_VN-30
ward_vn_23824,Xã Kông Chro,23824,xa,base.state_vn_VN-30
ward_vn_23830,Xã Chư Krey,23830,xa,base.state_vn_VN-30
ward_vn_23833,Xã Ya Ma,23833,xa,base.state_vn_VN-30
ward_vn_23839,Xã SRó,23839,xa,base.state_vn_VN-30
ward_vn_23842,Xã Đăk Song,23842,xa,base.state_vn_VN-30
ward_vn_23851,Xã Chơ Long,23851,xa,base.state_vn_VN-30
ward_vn_23857,Xã Đức Cơ,23857,xa,base.state_vn_VN-30
ward_vn_23866,Xã Ia Krêl,23866,xa,base.state_vn_VN-30
ward_vn_23869,Xã Ia Dơk,23869,xa,base.state_vn_VN-30
ward_vn_23872,Xã Ia Dom,23872,xa,base.state_vn_VN-30
ward_vn_23881,Xã Ia Pnôn,23881,xa,base.state_vn_VN-30
ward_vn_23884,Xã Ia Nan,23884,xa,base.state_vn_VN-30
ward_vn_23887,Xã Chư Prông,23887,xa,base.state_vn_VN-30
ward_vn_23896,Xã Bàu Cạn,23896,xa,base.state_vn_VN-30
ward_vn_23908,Xã Ia Tôr,23908,xa,base.state_vn_VN-30
ward_vn_23911,Xã Ia Boòng,23911,xa,base.state_vn_VN-30
ward_vn_23917,Xã Ia Púch,23917,xa,base.state_vn_VN-30
ward_vn_23926,Xã Ia Pia,23926,xa,base.state_vn_VN-30
ward_vn_23935,Xã Ia Lâu,23935,xa,base.state_vn_VN-30
ward_vn_23938,Xã Ia Mơ,23938,xa,base.state_vn_VN-30
ward_vn_23941,Xã Chư Sê,23941,xa,base.state_vn_VN-30
ward_vn_23942,Xã Chư Pưh,23942,xa,base.state_vn_VN-30
ward_vn_23947,Xã Bờ Ngoong,23947,xa,base.state_vn_VN-30
ward_vn_23954,Xã Al Bá,23954,xa,base.state_vn_VN-30
ward_vn_23971,Xã Ia Hrú,23971,xa,base.state_vn_VN-30
ward_vn_23977,Xã Ia Ko,23977,xa,base.state_vn_VN-30
ward_vn_23986,Xã Ia Le,23986,xa,base.state_vn_VN-30
ward_vn_23995,Xã Đak Pơ,23995,xa,base.state_vn_VN-30
ward_vn_24007,Xã Ya Hội,24007,xa,base.state_vn_VN-30
ward_vn_24013,Xã Pờ Tó,24013,xa,base.state_vn_VN-30
ward_vn_24022,Xã Ia Pa,24022,xa,base.state_vn_VN-30
ward_vn_24028,Xã Ia Tul,24028,xa,base.state_vn_VN-30
ward_vn_24043,Xã Phú Thiện,24043,xa,base.state_vn_VN-30
ward_vn_24044,Phường Ayun Pa,24044,phuong,base.state_vn_VN-30
ward_vn_24049,Xã Chư A Thai,24049,xa,base.state_vn_VN-30
ward_vn_24061,Xã Ia Hiao,24061,xa,base.state_vn_VN-30
ward_vn_24065,Xã Ia Rbol,24065,xa,base.state_vn_VN-30
ward_vn_24073,Xã Ia Sao,24073,xa,base.state_vn_VN-30
ward_vn_24076,Xã Phú Túc,24076,xa,base.state_vn_VN-30
ward_vn_24100,Xã Ia Dreh,24100,xa,base.state_vn_VN-30
ward_vn_24109,Xã Uar,24109,xa,base.state_vn_VN-30
ward_vn_24112,Xã Ia Rsai,24112,xa,base.state_vn_VN-30
ward_vn_22333,Phường Bắc Nha Trang,22333,phuong,base.state_vn_VN-34
ward_vn_22366,Phường Nha Trang,22366,phuong,base.state_vn_VN-34
ward_vn_22390,Phường Tây Nha Trang,22390,phuong,base.state_vn_VN-34
ward_vn_22402,Phường Nam Nha Trang,22402,phuong,base.state_vn_VN-34
ward_vn_22411,Phường Bắc Cam Ranh,22411,phuong,base.state_vn_VN-34
ward_vn_22420,Phường Cam Ranh,22420,phuong,base.state_vn_VN-34
ward_vn_22423,Phường Ba Ngòi,22423,phuong,base.state_vn_VN-34
ward_vn_22432,Phường Cam Linh,22432,phuong,base.state_vn_VN-34
ward_vn_22435,Xã Cam Hiệp,22435,xa,base.state_vn_VN-34
ward_vn_22453,Xã Cam Lâm,22453,xa,base.state_vn_VN-34
ward_vn_22465,Xã Cam An,22465,xa,base.state_vn_VN-34
ward_vn_22480,Xã Nam Cam Ranh,22480,xa,base.state_vn_VN-34
ward_vn_22489,Xã Vạn Ninh,22489,xa,base.state_vn_VN-34
ward_vn_22498,Xã Tu Bông,22498,xa,base.state_vn_VN-34
ward_vn_22504,Xã Đại Lãnh,22504,xa,base.state_vn_VN-34
ward_vn_22516,Xã Vạn Thắng,22516,xa,base.state_vn_VN-34
ward_vn_22525,Xã Vạn Hưng,22525,xa,base.state_vn_VN-34
ward_vn_22528,Phường Ninh Hòa,22528,phuong,base.state_vn_VN-34
ward_vn_22546,Xã Bắc Ninh Hòa,22546,xa,base.state_vn_VN-34
ward_vn_22552,Xã Tây Ninh Hòa,22552,xa,base.state_vn_VN-34
ward_vn_22558,Xã Hòa Trí,22558,xa,base.state_vn_VN-34
ward_vn_22561,Phường Đông Ninh Hòa,22561,phuong,base.state_vn_VN-34
ward_vn_22576,Xã Tân Định,22576,xa,base.state_vn_VN-34
ward_vn_22591,Phường Hòa Thắng,22591,phuong,base.state_vn_VN-34
ward_vn_22597,Xã Nam Ninh Hòa,22597,xa,base.state_vn_VN-34
ward_vn_22609,Xã Khánh Vĩnh,22609,xa,base.state_vn_VN-34
ward_vn_22612,Xã Trung Khánh Vĩnh,22612,xa,base.state_vn_VN-34
ward_vn_22615,Xã Bắc Khánh Vĩnh,22615,xa,base.state_vn_VN-34
ward_vn_22624,Xã Tây Khánh Vĩnh,22624,xa,base.state_vn_VN-34
ward_vn_22648,Xã Nam Khánh Vĩnh,22648,xa,base.state_vn_VN-34
ward_vn_22651,Xã Diên Khánh,22651,xa,base.state_vn_VN-34
ward_vn_22657,Xã Diên Điền,22657,xa,base.state_vn_VN-34
ward_vn_22660,Xã Diên Lâm,22660,xa,base.state_vn_VN-34
ward_vn_22672,Xã Diên Thọ,22672,xa,base.state_vn_VN-34
ward_vn_22678,Xã Diên Lạc,22678,xa,base.state_vn_VN-34
ward_vn_22702,Xã Suối Hiệp,22702,xa,base.state_vn_VN-34
ward_vn_22708,Xã Suối Dầu,22708,xa,base.state_vn_VN-34
ward_vn_22714,Xã Khánh Sơn,22714,xa,base.state_vn_VN-34
ward_vn_22720,Xã Tây Khánh Sơn,22720,xa,base.state_vn_VN-34
ward_vn_22732,Xã Đông Khánh Sơn,22732,xa,base.state_vn_VN-34
ward_vn_22736,Đặc khu Trường Sa,22736,dac_khu,base.state_vn_VN-34
ward_vn_22738,Phường Đô Vinh,22738,phuong,base.state_vn_VN-34
ward_vn_22741,Phường Bảo An,22741,phuong,base.state_vn_VN-34
ward_vn_22759,Phường Phan Rang,22759,phuong,base.state_vn_VN-34
ward_vn_22780,Phường Đông Hải,22780,phuong,base.state_vn_VN-34
ward_vn_22786,Xã Bác Ái Tây,22786,xa,base.state_vn_VN-34
ward_vn_22795,Xã Bác Ái,22795,xa,base.state_vn_VN-34
ward_vn_22801,Xã Bác Ái Đông,22801,xa,base.state_vn_VN-34
ward_vn_22810,Xã Ninh Sơn,22810,xa,base.state_vn_VN-34
ward_vn_22813,Xã Lâm Sơn,22813,xa,base.state_vn_VN-34
ward_vn_22822,Xã Mỹ Sơn,22822,xa,base.state_vn_VN-34
ward_vn_22828,Xã Anh Dũng,22828,xa,base.state_vn_VN-34
ward_vn_22834,Phường Ninh Chử,22834,phuong,base.state_vn_VN-34
ward_vn_22840,Xã Công Hải,22840,xa,base.state_vn_VN-34
ward_vn_22846,Xã Vĩnh Hải,22846,xa,base.state_vn_VN-34
ward_vn_22849,Xã Thuận Bắc,22849,xa,base.state_vn_VN-34
ward_vn_22852,Xã Ninh Hải,22852,xa,base.state_vn_VN-34
ward_vn_22861,Xã Xuân Hải,22861,xa,base.state_vn_VN-34
ward_vn_22870,Xã Ninh Phước,22870,xa,base.state_vn_VN-34
ward_vn_22873,Xã Phước Hậu,22873,xa,base.state_vn_VN-34
ward_vn_22888,Xã Phước Dinh,22888,xa,base.state_vn_VN-34
ward_vn_22891,Xã Phước Hữu,22891,xa,base.state_vn_VN-34
ward_vn_22897,Xã Thuận Nam,22897,xa,base.state_vn_VN-34
ward_vn_22900,Xã Phước Hà,22900,xa,base.state_vn_VN-34
ward_vn_22909,Xã Cà Ná,22909,xa,base.state_vn_VN-34
ward_vn_22015,Phường Tuy Hòa,22015,phuong,base.state_vn_VN-33
ward_vn_22045,Phường Bình Kiến,22045,phuong,base.state_vn_VN-33
ward_vn_22051,Phường Sông Cầu,22051,phuong,base.state_vn_VN-33
ward_vn_22057,Xã Xuân Lộc,22057,xa,base.state_vn_VN-33
ward_vn_22060,Xã Xuân Cảnh,22060,xa,base.state_vn_VN-33
ward_vn_22075,Xã Xuân Thọ,22075,xa,base.state_vn_VN-33
ward_vn_22076,Phường Xuân Đài,22076,phuong,base.state_vn_VN-33
ward_vn_22081,Xã Đồng Xuân,22081,xa,base.state_vn_VN-33
ward_vn_22090,Xã Xuân Lãnh,22090,xa,base.state_vn_VN-33
ward_vn_22096,Xã Phú Mỡ,22096,xa,base.state_vn_VN-33
ward_vn_22111,Xã Xuân Phước,22111,xa,base.state_vn_VN-33
ward_vn_22114,Xã Tuy An Bắc,22114,xa,base.state_vn_VN-33
ward_vn_22120,Xã Tuy An Đông,22120,xa,base.state_vn_VN-33
ward_vn_22132,Xã Tuy An Tây,22132,xa,base.state_vn_VN-33
ward_vn_22147,Xã Ô Loan,22147,xa,base.state_vn_VN-33
ward_vn_22153,Xã Tuy An Nam,22153,xa,base.state_vn_VN-33
ward_vn_22165,Xã Sơn Hòa,22165,xa,base.state_vn_VN-33
ward_vn_22171,Xã Tây Sơn,22171,xa,base.state_vn_VN-33
ward_vn_22177,Xã Vân Hòa,22177,xa,base.state_vn_VN-33
ward_vn_22192,Xã Suối Trai,22192,xa,base.state_vn_VN-33
ward_vn_22207,Xã Sông Hinh,22207,xa,base.state_vn_VN-33
ward_vn_22222,Xã Đức Bình,22222,xa,base.state_vn_VN-33
ward_vn_22225,Xã Ea Bá,22225,xa,base.state_vn_VN-33
ward_vn_22237,Xã Ea Ly,22237,xa,base.state_vn_VN-33
ward_vn_22240,Phường Phú Yên,22240,phuong,base.state_vn_VN-33
ward_vn_22250,Xã Sơn Thành,22250,xa,base.state_vn_VN-33
ward_vn_22255,Xã Tây Hòa,22255,xa,base.state_vn_VN-33
ward_vn_22258,Phường Đông Hòa,22258,phuong,base.state_vn_VN-33
ward_vn_22261,Phường Hòa Hiệp,22261,phuong,base.state_vn_VN-33
ward_vn_22276,Xã Hòa Thịnh,22276,xa,base.state_vn_VN-33
ward_vn_22285,Xã Hòa Mỹ,22285,xa,base.state_vn_VN-33
ward_vn_22291,Xã Hòa Xuân,22291,xa,base.state_vn_VN-33
ward_vn_22303,Xã Phú Hòa 2,22303,xa,base.state_vn_VN-33
ward_vn_22319,Xã Phú Hòa 1,22319,xa,base.state_vn_VN-33
ward_vn_24121,Phường Tân Lập,24121,phuong,base.state_vn_VN-33
ward_vn_24133,Phường Buôn Ma Thuột,24133,phuong,base.state_vn_VN-33
ward_vn_24154,Phường Thành Nhất,24154,phuong,base.state_vn_VN-33
ward_vn_24163,Phường Tân An,24163,phuong,base.state_vn_VN-33
ward_vn_24169,Phường Ea Kao,24169,phuong,base.state_vn_VN-33
ward_vn_24175,Xã Hòa Phú,24175,xa,base.state_vn_VN-33
ward_vn_24181,Xã Ea Drăng,24181,xa,base.state_vn_VN-33
ward_vn_24184,Xã Ea H’Leo,24184,xa,base.state_vn_VN-33
ward_vn_24187,Xã Ea Hiao,24187,xa,base.state_vn_VN-33
ward_vn_24193,Xã Ea Wy,24193,xa,base.state_vn_VN-33
ward_vn_24208,Xã Ea Khăl,24208,xa,base.state_vn_VN-33
ward_vn_24211,Xã Ea Súp,24211,xa,base.state_vn_VN-33
ward_vn_24214,Xã Ia Lốp,24214,xa,base.state_vn_VN-33
ward_vn_24217,Xã Ea Rốk,24217,xa,base.state_vn_VN-33
ward_vn_24221,Xã Ia Rvê,24221,xa,base.state_vn_VN-33
ward_vn_24229,Xã Ea Bung,24229,xa,base.state_vn_VN-33
ward_vn_24235,Xã Buôn Đôn,24235,xa,base.state_vn_VN-33
ward_vn_24241,Xã Ea Wer,24241,xa,base.state_vn_VN-33
ward_vn_24250,Xã Ea Nuôl,24250,xa,base.state_vn_VN-33
ward_vn_24259,Xã Quảng Phú,24259,xa,base.state_vn_VN-33
ward_vn_24265,Xã Ea Kiết,24265,xa,base.state_vn_VN-33
ward_vn_24277,Xã Ea Tul,24277,xa,base.state_vn_VN-33
ward_vn_24280,Xã Cư M’gar,24280,xa,base.state_vn_VN-33
ward_vn_24286,Xã Ea M’Droh,24286,xa,base.state_vn_VN-33
ward_vn_24301,Xã Cuôr Đăng,24301,xa,base.state_vn_VN-33
ward_vn_24305,Phường Buôn Hồ,24305,phuong,base.state_vn_VN-33
ward_vn_24310,Xã Krông Búk,24310,xa,base.state_vn_VN-33
ward_vn_24313,Xã Cư Pơng,24313,xa,base.state_vn_VN-33
ward_vn_24316,Xã Pơng Drang,24316,xa,base.state_vn_VN-33
ward_vn_24328,Xã Ea Drông,24328,xa,base.state_vn_VN-33
ward_vn_24340,Phường Cư Bao,24340,phuong,base.state_vn_VN-33
ward_vn_24343,Xã Krông Năng,24343,xa,base.state_vn_VN-33
ward_vn_24346,Xã Dliê Ya,24346,xa,base.state_vn_VN-33
ward_vn_24352,Xã Tam Giang,24352,xa,base.state_vn_VN-33
ward_vn_24364,Xã Phú Xuân,24364,xa,base.state_vn_VN-33
ward_vn_24373,Xã Ea Kar,24373,xa,base.state_vn_VN-33
ward_vn_24376,Xã Ea Knốp,24376,xa,base.state_vn_VN-33
ward_vn_24400,Xã Ea Păl,24400,xa,base.state_vn_VN-33
ward_vn_24403,Xã Ea Ô,24403,xa,base.state_vn_VN-33
ward_vn_24406,Xã Cư Yang,24406,xa,base.state_vn_VN-33
ward_vn_24412,Xã M’Drắk,24412,xa,base.state_vn_VN-33
ward_vn_24415,Xã Cư Prao,24415,xa,base.state_vn_VN-33
ward_vn_24433,Xã Ea Riêng,24433,xa,base.state_vn_VN-33
ward_vn_24436,Xã Cư M’ta,24436,xa,base.state_vn_VN-33
ward_vn_24444,Xã Krông Á,24444,xa,base.state_vn_VN-33
ward_vn_24445,Xã Ea Trang,24445,xa,base.state_vn_VN-33
ward_vn_24448,Xã Krông Bông,24448,xa,base.state_vn_VN-33
ward_vn_24454,Xã Dang Kang,24454,xa,base.state_vn_VN-33
ward_vn_24472,Xã Hòa Sơn,24472,xa,base.state_vn_VN-33
ward_vn_24478,Xã Cư Pui,24478,xa,base.state_vn_VN-33
ward_vn_24484,Xã Yang Mao,24484,xa,base.state_vn_VN-33
ward_vn_24490,Xã Krông Pắc,24490,xa,base.state_vn_VN-33
ward_vn_24496,Xã Ea Kly,24496,xa,base.state_vn_VN-33
ward_vn_24502,Xã Ea Phê,24502,xa,base.state_vn_VN-33
ward_vn_24505,Xã Ea Knuếc,24505,xa,base.state_vn_VN-33
ward_vn_24526,Xã Tân Tiến,24526,xa,base.state_vn_VN-33
ward_vn_24529,Xã Vụ Bổn,24529,xa,base.state_vn_VN-33
ward_vn_24538,Xã Krông Ana,24538,xa,base.state_vn_VN-33
ward_vn_24540,Xã Ea Ning,24540,xa,base.state_vn_VN-33
ward_vn_24544,Xã Ea Ktur,24544,xa,base.state_vn_VN-33
ward_vn_24559,Xã Ea Na,24559,xa,base.state_vn_VN-33
ward_vn_24561,Xã Dray Bhăng,24561,xa,base.state_vn_VN-33
ward_vn_24568,Xã Dur Kmăl,24568,xa,base.state_vn_VN-33
ward_vn_24580,Xã Liên Sơn Lắk,24580,xa,base.state_vn_VN-33
ward_vn_24595,Xã Đắk Liêng,24595,xa,base.state_vn_VN-33
ward_vn_24598,Xã Đắk Phơi,24598,xa,base.state_vn_VN-33
ward_vn_24604,Xã Krông Nô,24604,xa,base.state_vn_VN-33
ward_vn_24607,Xã Nam Ka,24607,xa,base.state_vn_VN-33
ward_vn_22918,Phường Mũi Né,22918,phuong,base.state_vn_VN-35
ward_vn_22924,Phường Phú Thuỷ,22924,phuong,base.state_vn_VN-35
ward_vn_22933,Phường Hàm Thắng,22933,phuong,base.state_vn_VN-35
ward_vn_22945,Phường Phan Thiết,22945,phuong,base.state_vn_VN-35
ward_vn_22954,Phường Tiến Thành,22954,phuong,base.state_vn_VN-35
ward_vn_22960,Phường Bình Thuận,22960,phuong,base.state_vn_VN-35
ward_vn_22963,Xã Tuyên Quang,22963,xa,base.state_vn_VN-35
ward_vn_22969,Xã Liên Hương,22969,xa,base.state_vn_VN-35
ward_vn_22972,Xã Phan Rí Cửa,22972,xa,base.state_vn_VN-35
ward_vn_22978,Xã Tuy Phong,22978,xa,base.state_vn_VN-35
ward_vn_22981,Xã Vĩnh Hảo,22981,xa,base.state_vn_VN-35
ward_vn_23005,Xã Bắc Bình,23005,xa,base.state_vn_VN-35
ward_vn_23008,Xã Phan Sơn,23008,xa,base.state_vn_VN-35
ward_vn_23020,Xã Hải Ninh,23020,xa,base.state_vn_VN-35
ward_vn_23023,Xã Sông Lũy,23023,xa,base.state_vn_VN-35
ward_vn_23032,Xã Lương Sơn,23032,xa,base.state_vn_VN-35
ward_vn_23041,Xã Hồng Thái,23041,xa,base.state_vn_VN-35
ward_vn_23053,Xã Hòa Thắng,23053,xa,base.state_vn_VN-35
ward_vn_23059,Xã Hàm Thuận,23059,xa,base.state_vn_VN-35
ward_vn_23065,Xã La Dạ,23065,xa,base.state_vn_VN-35
ward_vn_23074,Xã Đông Giang,23074,xa,base.state_vn_VN-35
ward_vn_23086,Xã Hồng Sơn,23086,xa,base.state_vn_VN-35
ward_vn_23089,Xã Hàm Thuận Bắc,23089,xa,base.state_vn_VN-35
ward_vn_23095,Xã Hàm Liêm,23095,xa,base.state_vn_VN-35
ward_vn_23110,Xã Hàm Thuận Nam,23110,xa,base.state_vn_VN-35
ward_vn_23122,Xã Hàm Thạnh,23122,xa,base.state_vn_VN-35
ward_vn_23128,Xã Hàm Kiệm,23128,xa,base.state_vn_VN-35
ward_vn_23134,Xã Tân Lập,23134,xa,base.state_vn_VN-35
ward_vn_23143,Xã Tân Thành,23143,xa,base.state_vn_VN-35
ward_vn_23149,Xã Tánh Linh,23149,xa,base.state_vn_VN-35
ward_vn_23152,Xã Bắc Ruộng,23152,xa,base.state_vn_VN-35
ward_vn_23158,Xã Nghị Đức,23158,xa,base.state_vn_VN-35
ward_vn_23173,Xã Đồng Kho,23173,xa,base.state_vn_VN-35
ward_vn_23188,Xã Suối Kiết,23188,xa,base.state_vn_VN-35
ward_vn_23191,Xã Đức Linh,23191,xa,base.state_vn_VN-35
ward_vn_23194,Xã Hoài Đức,23194,xa,base.state_vn_VN-35
ward_vn_23200,Xã Nam Thành,23200,xa,base.state_vn_VN-35
ward_vn_23227,Xã Trà Tân,23227,xa,base.state_vn_VN-35
ward_vn_23230,Xã Tân Minh,23230,xa,base.state_vn_VN-35
ward_vn_23231,Phường Phước Hội,23231,phuong,base.state_vn_VN-35
ward_vn_23235,Phường La Gi,23235,phuong,base.state_vn_VN-35
ward_vn_23236,Xã Hàm Tân,23236,xa,base.state_vn_VN-35
ward_vn_23246,Xã Tân Hải,23246,xa,base.state_vn_VN-35
ward_vn_23266,Xã Sơn Mỹ,23266,xa,base.state_vn_VN-35
ward_vn_23272,Đặc khu Phú Quý,23272,dac_khu,base.state_vn_VN-35
ward_vn_24611,Phường Bắc Gia Nghĩa,24611,phuong,base.state_vn_VN-35
ward_vn_24615,Phường Nam Gia Nghĩa,24615,phuong,base.state_vn_VN-35
ward_vn_24616,Xã Quảng Sơn,24616,xa,base.state_vn_VN-35
ward_vn_24617,Phường Đông Gia Nghĩa,24617,phuong,base.state_vn_VN-35
ward_vn_24620,Xã Quảng Hòa,24620,xa,base.state_vn_VN-35
ward_vn_24631,Xã Quảng Khê,24631,xa,base.state_vn_VN-35
ward_vn_24637,Xã Tà Đùng,24637,xa,base.state_vn_VN-35
ward_vn_24640,Xã Cư Jút,24640,xa,base.state_vn_VN-35
ward_vn_24646,Xã Đắk Wil,24646,xa,base.state_vn_VN-35
ward_vn_24649,Xã Nam Dong,24649,xa,base.state_vn_VN-35
ward_vn_24664,Xã Đức Lập,24664,xa,base.state_vn_VN-35
ward_vn_24670,Xã Đắk Mil,24670,xa,base.state_vn_VN-35
ward_vn_24678,Xã Đắk Sắk,24678,xa,base.state_vn_VN-35
ward_vn_24682,Xã Thuận An,24682,xa,base.state_vn_VN-35
ward_vn_24688,Xã Krông Nô,24688,xa,base.state_vn_VN-35
ward_vn_24697,Xã Nam Đà,24697,xa,base.state_vn_VN-35
ward_vn_24703,Xã Nâm Nung,24703,xa,base.state_vn_VN-35
ward_vn_24712,Xã Quảng Phú,24712,xa,base.state_vn_VN-35
ward_vn_24717,Xã Đức An,24717,xa,base.state_vn_VN-35
ward_vn_24718,Xã Đắk Song,24718,xa,base.state_vn_VN-35
ward_vn_24722,Xã Thuận Hạnh,24722,xa,base.state_vn_VN-35
ward_vn_24730,Xã Trường Xuân,24730,xa,base.state_vn_VN-35
ward_vn_24733,Xã Kiến Đức,24733,xa,base.state_vn_VN-35
ward_vn_24736,Xã Quảng Trực,24736,xa,base.state_vn_VN-35
ward_vn_24739,Xã Tuy Đức,24739,xa,base.state_vn_VN-35
ward_vn_24748,Xã Quảng Tân,24748,xa,base.state_vn_VN-35
ward_vn_24751,Xã Nhân Cơ,24751,xa,base.state_vn_VN-35
ward_vn_24760,Xã Quảng Tín,24760,xa,base.state_vn_VN-35
ward_vn_24778,Phường Lâm Viên - Đà Lạt,24778,phuong,base.state_vn_VN-35
ward_vn_24781,Phường Xuân Hương - Đà Lạt,24781,phuong,base.state_vn_VN-35
ward_vn_24787,Phường Cam Ly - Đà Lạt,24787,phuong,base.state_vn_VN-35
ward_vn_24805,Phường Xuân Trường - Đà Lạt,24805,phuong,base.state_vn_VN-35
ward_vn_24820,Phường 2 Bảo Lộc,24820,phuong,base.state_vn_VN-35
ward_vn_24823,Phường 1 Bảo Lộc,24823,phuong,base.state_vn_VN-35
ward_vn_24829,Phường B’Lao,24829,phuong,base.state_vn_VN-35
ward_vn_24841,Phường 3 Bảo Lộc,24841,phuong,base.state_vn_VN-35
ward_vn_24846,Phường Lang Biang - Đà Lạt,24846,phuong,base.state_vn_VN-35
ward_vn_24848,Xã Lạc Dương,24848,xa,base.state_vn_VN-35
ward_vn_24853,Xã Đam Rông 4,24853,xa,base.state_vn_VN-35
ward_vn_24868,Xã Nam Ban Lâm Hà,24868,xa,base.state_vn_VN-35
ward_vn_24871,Xã Đinh Văn Lâm Hà,24871,xa,base.state_vn_VN-35
ward_vn_24875,Xã Đam Rông 3,24875,xa,base.state_vn_VN-35
ward_vn_24877,Xã Đam Rông 2,24877,xa,base.state_vn_VN-35
ward_vn_24883,Xã Nam Hà Lâm Hà,24883,xa,base.state_vn_VN-35
ward_vn_24886,Xã Đam Rông 1,24886,xa,base.state_vn_VN-35
ward_vn_24895,Xã Phú Sơn Lâm Hà,24895,xa,base.state_vn_VN-35
ward_vn_24907,Xã Phúc Thọ Lâm Hà,24907,xa,base.state_vn_VN-35
ward_vn_24916,Xã Tân Hà Lâm Hà,24916,xa,base.state_vn_VN-35
ward_vn_24931,Xã Đơn Dương,24931,xa,base.state_vn_VN-35
ward_vn_24934,Xã D’Ran,24934,xa,base.state_vn_VN-35
ward_vn_24943,Xã Ka Đô,24943,xa,base.state_vn_VN-35
ward_vn_24955,Xã Quảng Lập,24955,xa,base.state_vn_VN-35
ward_vn_24958,Xã Đức Trọng,24958,xa,base.state_vn_VN-35
ward_vn_24967,Xã Hiệp Thạnh,24967,xa,base.state_vn_VN-35
ward_vn_24976,Xã Tân Hội,24976,xa,base.state_vn_VN-35
ward_vn_24985,Xã Ninh Gia,24985,xa,base.state_vn_VN-35
ward_vn_24988,Xã Tà Năng,24988,xa,base.state_vn_VN-35
ward_vn_24991,Xã Tà Hine,24991,xa,base.state_vn_VN-35
ward_vn_25000,Xã Di Linh,25000,xa,base.state_vn_VN-35
ward_vn_25007,Xã Đinh Trang Thượng,25007,xa,base.state_vn_VN-35
ward_vn_25015,Xã Gia Hiệp,25015,xa,base.state_vn_VN-35
ward_vn_25018,Xã Bảo Thuận,25018,xa,base.state_vn_VN-35
ward_vn_25036,Xã Hòa Ninh,25036,xa,base.state_vn_VN-35
ward_vn_25042,Xã Hòa Bắc,25042,xa,base.state_vn_VN-35
ward_vn_25051,Xã Sơn Điền,25051,xa,base.state_vn_VN-35
ward_vn_25054,Xã Bảo Lâm 1,25054,xa,base.state_vn_VN-35
ward_vn_25057,Xã Bảo Lâm 5,25057,xa,base.state_vn_VN-35
ward_vn_25063,Xã Bảo Lâm 4,25063,xa,base.state_vn_VN-35
ward_vn_25084,Xã Bảo Lâm 2,25084,xa,base.state_vn_VN-35
ward_vn_25093,Xã Bảo Lâm 3,25093,xa,base.state_vn_VN-35
ward_vn_25099,Xã Đạ Huoai,25099,xa,base.state_vn_VN-35
ward_vn_25105,Xã Đạ Huoai 2,25105,xa,base.state_vn_VN-35
ward_vn_25114,Xã Đạ Huoai 3,25114,xa,base.state_vn_VN-35
ward_vn_25126,Xã Đạ Tẻh,25126,xa,base.state_vn_VN-35
ward_vn_25135,Xã Đạ Tẻh 3,25135,xa,base.state_vn_VN-35
ward_vn_25138,Xã Đạ Tẻh 2,25138,xa,base.state_vn_VN-35
ward_vn_25159,Xã Cát Tiên,25159,xa,base.state_vn_VN-35
ward_vn_25162,Xã Cát Tiên 3,25162,xa,base.state_vn_VN-35
ward_vn_25180,Xã Cát Tiên 2,25180,xa,base.state_vn_VN-35
ward_vn_25195,Phường Bình Phước,25195,phuong,base.state_vn_VN-39
ward_vn_25210,Phường Đồng Xoài,25210,phuong,base.state_vn_VN-39
ward_vn_25217,Phường Phước Long,25217,phuong,base.state_vn_VN-39
ward_vn_25220,Phường Phước Bình,25220,phuong,base.state_vn_VN-39
ward_vn_25222,Xã Bù Gia Mập,25222,xa,base.state_vn_VN-39
ward_vn_25225,Xã Đăk Ơ,25225,xa,base.state_vn_VN-39
ward_vn_25231,Xã Đa Kia,25231,xa,base.state_vn_VN-39
ward_vn_25246,Xã Bình Tân,25246,xa,base.state_vn_VN-39
ward_vn_25252,Xã Phú Riềng,25252,xa,base.state_vn_VN-39
ward_vn_25255,Xã Long Hà,25255,xa,base.state_vn_VN-39
ward_vn_25261,Xã Phú Trung,25261,xa,base.state_vn_VN-39
ward_vn_25267,Xã Phú Nghĩa,25267,xa,base.state_vn_VN-39
ward_vn_25270,Xã Lộc Ninh,25270,xa,base.state_vn_VN-39
ward_vn_25279,Xã Lộc Tấn,25279,xa,base.state_vn_VN-39
ward_vn_25280,Xã Lộc Thạnh,25280,xa,base.state_vn_VN-39
ward_vn_25292,Xã Lộc Quang,25292,xa,base.state_vn_VN-39
ward_vn_25294,Xã Lộc Thành,25294,xa,base.state_vn_VN-39
ward_vn_25303,Xã Lộc Hưng,25303,xa,base.state_vn_VN-39
ward_vn_25308,Xã Thiện Hưng,25308,xa,base.state_vn_VN-39
ward_vn_25309,Xã Hưng Phước,25309,xa,base.state_vn_VN-39
ward_vn_25318,Xã Tân Tiến,25318,xa,base.state_vn_VN-39
ward_vn_25326,Phường Bình Long,25326,phuong,base.state_vn_VN-39
ward_vn_25333,Phường An Lộc,25333,phuong,base.state_vn_VN-39
ward_vn_25345,Xã Tân Hưng,25345,xa,base.state_vn_VN-39
ward_vn_25349,Xã Minh Đức,25349,xa,base.state_vn_VN-39
ward_vn_25351,Xã Tân Quan,25351,xa,base.state_vn_VN-39
ward_vn_25357,Xã Tân Khai,25357,xa,base.state_vn_VN-39
ward_vn_25363,Xã Đồng Phú,25363,xa,base.state_vn_VN-39
ward_vn_25378,Xã Tân Lợi,25378,xa,base.state_vn_VN-39
ward_vn_25387,Xã Thuận Lợi,25387,xa,base.state_vn_VN-39
ward_vn_25390,Xã Đồng Tâm,25390,xa,base.state_vn_VN-39
ward_vn_25396,Xã Bù Đăng,25396,xa,base.state_vn_VN-39
ward_vn_25399,Xã Đak Nhau,25399,xa,base.state_vn_VN-39
ward_vn_25402,Xã Thọ Sơn,25402,xa,base.state_vn_VN-39
ward_vn_25405,Xã Bom Bo,25405,xa,base.state_vn_VN-39
ward_vn_25417,Xã Nghĩa Trung,25417,xa,base.state_vn_VN-39
ward_vn_25420,Xã Phước Sơn,25420,xa,base.state_vn_VN-39
ward_vn_25432,Phường Chơn Thành,25432,phuong,base.state_vn_VN-39
ward_vn_25441,Phường Minh Hưng,25441,phuong,base.state_vn_VN-39
ward_vn_25450,Xã Nha Bích,25450,xa,base.state_vn_VN-39
ward_vn_25993,Phường Trảng Dài,25993,phuong,base.state_vn_VN-39
ward_vn_26005,Phường Hố Nai,26005,phuong,base.state_vn_VN-39
ward_vn_26017,Phường Tam Hiệp,26017,phuong,base.state_vn_VN-39
ward_vn_26020,Phường Long Bình,26020,phuong,base.state_vn_VN-39
ward_vn_26041,Phường Trấn Biên,26041,phuong,base.state_vn_VN-39
ward_vn_26068,Phường Biên Hòa,26068,phuong,base.state_vn_VN-39
ward_vn_26080,Phường Long Khánh,26080,phuong,base.state_vn_VN-39
ward_vn_26089,Phường Bình Lộc,26089,phuong,base.state_vn_VN-39
ward_vn_26098,Phường Bảo Vinh,26098,phuong,base.state_vn_VN-39
ward_vn_26104,Phường Xuân Lập,26104,phuong,base.state_vn_VN-39
ward_vn_26113,Phường Hàng Gòn,26113,phuong,base.state_vn_VN-39
ward_vn_26116,Xã Tân Phú,26116,xa,base.state_vn_VN-39
ward_vn_26119,Xã Đak Lua,26119,xa,base.state_vn_VN-39
ward_vn_26122,Xã Nam Cát Tiên,26122,xa,base.state_vn_VN-39
ward_vn_26134,Xã Tà Lài,26134,xa,base.state_vn_VN-39
ward_vn_26158,Xã Phú Lâm,26158,xa,base.state_vn_VN-39
ward_vn_26170,Xã Trị An,26170,xa,base.state_vn_VN-39
ward_vn_26173,Xã Phú Lý,26173,xa,base.state_vn_VN-39
ward_vn_26179,Xã Tân An,26179,xa,base.state_vn_VN-39
ward_vn_26188,Phường Tân Triều,26188,phuong,base.state_vn_VN-39
ward_vn_26206,Xã Định Quán,26206,xa,base.state_vn_VN-39
ward_vn_26209,Xã Thanh Sơn,26209,xa,base.state_vn_VN-39
ward_vn_26215,Xã Phú Vinh,26215,xa,base.state_vn_VN-39
ward_vn_26221,Xã Phú Hòa,26221,xa,base.state_vn_VN-39
ward_vn_26227,Xã La Ngà,26227,xa,base.state_vn_VN-39
ward_vn_26248,Xã Trảng Bom,26248,xa,base.state_vn_VN-39
ward_vn_26254,Xã Bàu Hàm,26254,xa,base.state_vn_VN-39
ward_vn_26278,Xã Bình Minh,26278,xa,base.state_vn_VN-39
ward_vn_26281,Xã Hưng Thịnh,26281,xa,base.state_vn_VN-39
ward_vn_26296,Xã An Viễn,26296,xa,base.state_vn_VN-39
ward_vn_26299,Xã Thống Nhất,26299,xa,base.state_vn_VN-39
ward_vn_26311,Xã Gia Kiệm,26311,xa,base.state_vn_VN-39
ward_vn_26326,Xã Dầu Giây,26326,xa,base.state_vn_VN-39
ward_vn_26332,Xã Xuân Quế,26332,xa,base.state_vn_VN-39
ward_vn_26341,Xã Cẩm Mỹ,26341,xa,base.state_vn_VN-39
ward_vn_26347,Xã Xuân Đường,26347,xa,base.state_vn_VN-39
ward_vn_26359,Xã Xuân Đông,26359,xa,base.state_vn_VN-39
ward_vn_26362,Xã Sông Ray,26362,xa,base.state_vn_VN-39
ward_vn_26368,Xã Long Thành,26368,xa,base.state_vn_VN-39
ward_vn_26374,Phường Tam Phước,26374,phuong,base.state_vn_VN-39
ward_vn_26377,Phường Phước Tân,26377,phuong,base.state_vn_VN-39
ward_vn_26380,Phường Long Hưng,26380,phuong,base.state_vn_VN-39
ward_vn_26383,Xã An Phước,26383,xa,base.state_vn_VN-39
ward_vn_26389,Xã Bình An,26389,xa,base.state_vn_VN-39
ward_vn_26413,Xã Long Phước,26413,xa,base.state_vn_VN-39
ward_vn_26422,Xã Phước Thái,26422,xa,base.state_vn_VN-39
ward_vn_26425,Xã Xuân Lộc,26425,xa,base.state_vn_VN-39
ward_vn_26428,Xã Xuân Bắc,26428,xa,base.state_vn_VN-39
ward_vn_26434,Xã Xuân Thành,26434,xa,base.state_vn_VN-39
ward_vn_26446,Xã Xuân Hòa,26446,xa,base.state_vn_VN-39
ward_vn_26458,Xã Xuân Phú,26458,xa,base.state_vn_VN-39
ward_vn_26461,Xã Xuân Định,26461,xa,base.state_vn_VN-39
ward_vn_26485,Xã Nhơn Trạch,26485,xa,base.state_vn_VN-39
ward_vn_26491,Xã Đại Phước,26491,xa,base.state_vn_VN-39
ward_vn_26503,Xã Phước An,26503,xa,base.state_vn_VN-39
ward_vn_25747,Phường Thủ Dầu Một,25747,phuong,base.state_vn_VN-SG
ward_vn_25750,Phường Phú Lợi,25750,phuong,base.state_vn_VN-SG
ward_vn_25760,Phường Bình Dương,25760,phuong,base.state_vn_VN-SG
ward_vn_25768,Phường Phú An,25768,phuong,base.state_vn_VN-SG
ward_vn_25771,Phường Chánh Hiệp,25771,phuong,base.state_vn_VN-SG
ward_vn_25777,Xã Dầu Tiếng,25777,xa,base.state_vn_VN-SG
ward_vn_25780,Xã Minh Thạnh,25780,xa,base.state_vn_VN-SG
ward_vn_25792,Xã Long Hòa,25792,xa,base.state_vn_VN-SG
ward_vn_25807,Xã Thanh An,25807,xa,base.state_vn_VN-SG
ward_vn_25813,Phường Bến Cát,25813,phuong,base.state_vn_VN-SG
ward_vn_25819,Xã Trừ Văn Thố,25819,xa,base.state_vn_VN-SG
ward_vn_25822,Xã Bàu Bàng,25822,xa,base.state_vn_VN-SG
ward_vn_25837,Phường Chánh Phú Hòa,25837,phuong,base.state_vn_VN-SG
ward_vn_25840,Phường Long Nguyên,25840,phuong,base.state_vn_VN-SG
ward_vn_25843,Phường Tây Nam,25843,phuong,base.state_vn_VN-SG
ward_vn_25846,Phường Thới Hòa,25846,phuong,base.state_vn_VN-SG
ward_vn_25849,Phường Hòa Lợi,25849,phuong,base.state_vn_VN-SG
ward_vn_25858,Xã Phú Giáo,25858,xa,base.state_vn_VN-SG
ward_vn_25864,Xã Phước Thành,25864,xa,base.state_vn_VN-SG
ward_vn_25867,Xã An Long,25867,xa,base.state_vn_VN-SG
ward_vn_25882,Xã Phước Hòa,25882,xa,base.state_vn_VN-SG
ward_vn_25888,Phường Tân Uyên,25888,phuong,base.state_vn_VN-SG
ward_vn_25891,Phường Tân Khánh,25891,phuong,base.state_vn_VN-SG
ward_vn_25906,Xã Bắc Tân Uyên,25906,xa,base.state_vn_VN-SG
ward_vn_25909,Xã Thường Tân,25909,xa,base.state_vn_VN-SG
ward_vn_25912,Phường Vĩnh Tân,25912,phuong,base.state_vn_VN-SG
ward_vn_25915,Phường Bình Cơ,25915,phuong,base.state_vn_VN-SG
ward_vn_25920,Phường Tân Hiệp,25920,phuong,base.state_vn_VN-SG
ward_vn_25942,Phường Dĩ An,25942,phuong,base.state_vn_VN-SG
ward_vn_25945,Phường Tân Đông Hiệp,25945,phuong,base.state_vn_VN-SG
ward_vn_25951,Phường Đông Hòa,25951,phuong,base.state_vn_VN-SG
ward_vn_25966,Phường Lái Thiêu,25966,phuong,base.state_vn_VN-SG
ward_vn_25969,Phường Thuận Giao,25969,phuong,base.state_vn_VN-SG
ward_vn_25975,Phường An Phú,25975,phuong,base.state_vn_VN-SG
ward_vn_25978,Phường Thuận An,25978,phuong,base.state_vn_VN-SG
ward_vn_25987,Phường Bình Hòa,25987,phuong,base.state_vn_VN-SG
ward_vn_26506,Phường Vũng Tàu,26506,phuong,base.state_vn_VN-SG
ward_vn_26526,Phường Tam Thắng,26526,phuong,base.state_vn_VN-SG
ward_vn_26536,Phường Rạch Dừa,26536,phuong,base.state_vn_VN-SG
ward_vn_26542,Phường Phước Thắng,26542,phuong,base.state_vn_VN-SG
ward_vn_26545,Xã Long Sơn,26545,xa,base.state_vn_VN-SG
ward_vn_26560,Phường Bà Rịa,26560,phuong,base.state_vn_VN-SG
ward_vn_26566,Phường Long Hương,26566,phuong,base.state_vn_VN-SG
ward_vn_26572,Phường Tam Long,26572,phuong,base.state_vn_VN-SG
ward_vn_26575,Xã Ngãi Giao,26575,xa,base.state_vn_VN-SG
ward_vn_26584,Xã Xuân Sơn,26584,xa,base.state_vn_VN-SG
ward_vn_26590,Xã Bình Giã,26590,xa,base.state_vn_VN-SG
ward_vn_26596,Xã Châu Đức,26596,xa,base.state_vn_VN-SG
ward_vn_26608,Xã Kim Long,26608,xa,base.state_vn_VN-SG
ward_vn_26617,Xã Nghĩa Thành,26617,xa,base.state_vn_VN-SG
ward_vn_26620,Xã Hồ Tràm,26620,xa,base.state_vn_VN-SG
ward_vn_26632,Xã Xuyên Mộc,26632,xa,base.state_vn_VN-SG
ward_vn_26638,Xã Bàu Lâm,26638,xa,base.state_vn_VN-SG
ward_vn_26641,Xã Hòa Hội,26641,xa,base.state_vn_VN-SG
ward_vn_26647,Xã Hòa Hiệp,26647,xa,base.state_vn_VN-SG
ward_vn_26656,Xã Bình Châu,26656,xa,base.state_vn_VN-SG
ward_vn_26659,Xã Long Điền,26659,xa,base.state_vn_VN-SG
ward_vn_26662,Xã Long Hải,26662,xa,base.state_vn_VN-SG
ward_vn_26680,Xã Đất Đỏ,26680,xa,base.state_vn_VN-SG
ward_vn_26686,Xã Phước Hải,26686,xa,base.state_vn_VN-SG
ward_vn_26704,Phường Phú Mỹ,26704,phuong,base.state_vn_VN-SG
ward_vn_26710,Phường Tân Hải,26710,phuong,base.state_vn_VN-SG
ward_vn_26713,Phường Tân Phước,26713,phuong,base.state_vn_VN-SG
ward_vn_26725,Phường Tân Thành,26725,phuong,base.state_vn_VN-SG
ward_vn_26728,Xã Châu Pha,26728,xa,base.state_vn_VN-SG
ward_vn_26732,Đặc khu Côn Đảo,26732,dac_khu,base.state_vn_VN-SG
ward_vn_26737,Phường Tân Định,26737,phuong,base.state_vn_VN-SG
ward_vn_26740,Phường Sài Gòn,26740,phuong,base.state_vn_VN-SG
ward_vn_26743,Phường Bến Thành,26743,phuong,base.state_vn_VN-SG
ward_vn_26758,Phường Cầu Ông Lãnh,26758,phuong,base.state_vn_VN-SG
ward_vn_26767,Phường An Phú Đông,26767,phuong,base.state_vn_VN-SG
ward_vn_26773,Phường Thới An,26773,phuong,base.state_vn_VN-SG
ward_vn_26782,Phường Tân Thới Hiệp,26782,phuong,base.state_vn_VN-SG
ward_vn_26785,Phường Trung Mỹ Tây,26785,phuong,base.state_vn_VN-SG
ward_vn_26791,Phường Đông Hưng Thuận,26791,phuong,base.state_vn_VN-SG
ward_vn_26800,Phường Linh Xuân,26800,phuong,base.state_vn_VN-SG
ward_vn_26803,Phường Tam Bình,26803,phuong,base.state_vn_VN-SG
ward_vn_26809,Phường Hiệp Bình,26809,phuong,base.state_vn_VN-SG
ward_vn_26824,Phường Thủ Đức,26824,phuong,base.state_vn_VN-SG
ward_vn_26833,Phường Long Bình,26833,phuong,base.state_vn_VN-SG
ward_vn_26842,Phường Tăng Nhơn Phú,26842,phuong,base.state_vn_VN-SG
ward_vn_26848,Phường Phước Long,26848,phuong,base.state_vn_VN-SG
ward_vn_26857,Phường Long Phước,26857,phuong,base.state_vn_VN-SG
ward_vn_26860,Phường Long Trường,26860,phuong,base.state_vn_VN-SG
ward_vn_26876,Phường An Nhơn,26876,phuong,base.state_vn_VN-SG
ward_vn_26878,Phường An Hội Đông,26878,phuong,base.state_vn_VN-SG
ward_vn_26882,Phường An Hội Tây,26882,phuong,base.state_vn_VN-SG
ward_vn_26884,Phường Gò Vấp,26884,phuong,base.state_vn_VN-SG
ward_vn_26890,Phường Hạnh Thông,26890,phuong,base.state_vn_VN-SG
ward_vn_26898,Phường Thông Tây Hội,26898,phuong,base.state_vn_VN-SG
ward_vn_26905,Phường Bình Lợi Trung,26905,phuong,base.state_vn_VN-SG
ward_vn_26911,Phường Bình Quới,26911,phuong,base.state_vn_VN-SG
ward_vn_26929,Phường Bình Thạnh,26929,phuong,base.state_vn_VN-SG
ward_vn_26944,Phường Gia Định,26944,phuong,base.state_vn_VN-SG
ward_vn_26956,Phường Thạnh Mỹ Tây,26956,phuong,base.state_vn_VN-SG
ward_vn_26968,Phường Tân Sơn Nhất,26968,phuong,base.state_vn_VN-SG
ward_vn_26977,Phường Tân Sơn Hòa,26977,phuong,base.state_vn_VN-SG
ward_vn_26983,Phường Bảy Hiền,26983,phuong,base.state_vn_VN-SG
ward_vn_26995,Phường Tân Hòa,26995,phuong,base.state_vn_VN-SG
ward_vn_27004,Phường Tân Bình,27004,phuong,base.state_vn_VN-SG
ward_vn_27007,Phường Tân Sơn,27007,phuong,base.state_vn_VN-SG
ward_vn_27013,Phường Tây Thạnh,27013,phuong,base.state_vn_VN-SG
ward_vn_27019,Phường Tân Sơn Nhì,27019,phuong,base.state_vn_VN-SG
ward_vn_27022,Phường Phú Thọ Hòa,27022,phuong,base.state_vn_VN-SG
ward_vn_27028,Phường Phú Thạnh,27028,phuong,base.state_vn_VN-SG
ward_vn_27031,Phường Tân Phú,27031,phuong,base.state_vn_VN-SG
ward_vn_27043,Phường Đức Nhuận,27043,phuong,base.state_vn_VN-SG
ward_vn_27058,Phường Cầu Kiệu,27058,phuong,base.state_vn_VN-SG
ward_vn_27073,Phường Phú Nhuận,27073,phuong,base.state_vn_VN-SG
ward_vn_27094,Phường An Khánh,27094,phuong,base.state_vn_VN-SG
ward_vn_27097,Phường Bình Trưng,27097,phuong,base.state_vn_VN-SG
ward_vn_27112,Phường Cát Lái,27112,phuong,base.state_vn_VN-SG
ward_vn_27139,Phường Xuân Hòa,27139,phuong,base.state_vn_VN-SG
ward_vn_27142,Phường Nhiêu Lộc,27142,phuong,base.state_vn_VN-SG
ward_vn_27154,Phường Bàn Cờ,27154,phuong,base.state_vn_VN-SG
ward_vn_27163,Phường Hòa Hưng,27163,phuong,base.state_vn_VN-SG
ward_vn_27169,Phường Diên Hồng,27169,phuong,base.state_vn_VN-SG
ward_vn_27190,Phường Vườn Lài,27190,phuong,base.state_vn_VN-SG
ward_vn_27211,Phường Hòa Bình,27211,phuong,base.state_vn_VN-SG
ward_vn_27226,Phường Phú Thọ,27226,phuong,base.state_vn_VN-SG
ward_vn_27232,Phường Bình Thới,27232,phuong,base.state_vn_VN-SG
ward_vn_27238,Phường Minh Phụng,27238,phuong,base.state_vn_VN-SG
ward_vn_27259,Phường Xóm Chiếu,27259,phuong,base.state_vn_VN-SG
ward_vn_27265,Phường Khánh Hội,27265,phuong,base.state_vn_VN-SG
ward_vn_27286,Phường Vĩnh Hội,27286,phuong,base.state_vn_VN-SG
ward_vn_27301,Phường Chợ Quán,27301,phuong,base.state_vn_VN-SG
ward_vn_27316,Phường An Đông,27316,phuong,base.state_vn_VN-SG
ward_vn_27343,Phường Chợ Lớn,27343,phuong,base.state_vn_VN-SG
ward_vn_27349,Phường Phú Lâm,27349,phuong,base.state_vn_VN-SG
ward_vn_27364,Phường Bình Phú,27364,phuong,base.state_vn_VN-SG
ward_vn_27367,Phường Bình Tây,27367,phuong,base.state_vn_VN-SG
ward_vn_27373,Phường Bình Tiên,27373,phuong,base.state_vn_VN-SG
ward_vn_27418,Phường Chánh Hưng,27418,phuong,base.state_vn_VN-SG
ward_vn_27424,Phường Bình Đông,27424,phuong,base.state_vn_VN-SG
ward_vn_27427,Phường Phú Định,27427,phuong,base.state_vn_VN-SG
ward_vn_27439,Phường Bình Hưng Hòa,27439,phuong,base.state_vn_VN-SG
ward_vn_27442,Phường Bình Tân,27442,phuong,base.state_vn_VN-SG
ward_vn_27448,Phường Bình Trị Đông,27448,phuong,base.state_vn_VN-SG
ward_vn_27457,Phường Tân Tạo,27457,phuong,base.state_vn_VN-SG
ward_vn_27460,Phường An Lạc,27460,phuong,base.state_vn_VN-SG
ward_vn_27475,Phường Tân Hưng,27475,phuong,base.state_vn_VN-SG
ward_vn_27478,Phường Tân Thuận,27478,phuong,base.state_vn_VN-SG
ward_vn_27484,Phường Phú Thuận,27484,phuong,base.state_vn_VN-SG
ward_vn_27487,Phường Tân Mỹ,27487,phuong,base.state_vn_VN-SG
ward_vn_27496,Xã Tân An Hội,27496,xa,base.state_vn_VN-SG
ward_vn_27508,Xã An Nhơn Tây,27508,xa,base.state_vn_VN-SG
ward_vn_27511,Xã Nhuận Đức,27511,xa,base.state_vn_VN-SG
ward_vn_27526,Xã Thái Mỹ,27526,xa,base.state_vn_VN-SG
ward_vn_27541,Xã Phú Hòa Đông,27541,xa,base.state_vn_VN-SG
ward_vn_27544,Xã Bình Mỹ,27544,xa,base.state_vn_VN-SG
ward_vn_27553,Xã Củ Chi,27553,xa,base.state_vn_VN-SG
ward_vn_27559,Xã Hóc Môn,27559,xa,base.state_vn_VN-SG
ward_vn_27568,Xã Đông Thạnh,27568,xa,base.state_vn_VN-SG
ward_vn_27577,Xã Xuân Thới Sơn,27577,xa,base.state_vn_VN-SG
ward_vn_27592,Xã Bà Điểm,27592,xa,base.state_vn_VN-SG
ward_vn_27595,Xã Tân Nhựt,27595,xa,base.state_vn_VN-SG
ward_vn_27601,Xã Vĩnh Lộc,27601,xa,base.state_vn_VN-SG
ward_vn_27604,Xã Tân Vĩnh Lộc,27604,xa,base.state_vn_VN-SG
ward_vn_27610,Xã Bình Lợi,27610,xa,base.state_vn_VN-SG
ward_vn_27619,Xã Bình Hưng,27619,xa,base.state_vn_VN-SG
ward_vn_27628,Xã Hưng Long,27628,xa,base.state_vn_VN-SG
ward_vn_27637,Xã Bình Chánh,27637,xa,base.state_vn_VN-SG
ward_vn_27655,Xã Nhà Bè,27655,xa,base.state_vn_VN-SG
ward_vn_27658,Xã Hiệp Phước,27658,xa,base.state_vn_VN-SG
ward_vn_27664,Xã Cần Giờ,27664,xa,base.state_vn_VN-SG
ward_vn_27667,Xã Bình Khánh,27667,xa,base.state_vn_VN-SG
ward_vn_27673,Xã An Thới Đông,27673,xa,base.state_vn_VN-SG
ward_vn_27676,Xã Thạnh An,27676,xa,base.state_vn_VN-SG
ward_vn_25459,Phường Tân Ninh,25459,phuong,base.state_vn_VN-37
ward_vn_25480,Phường Bình Minh,25480,phuong,base.state_vn_VN-37
ward_vn_25486,Xã Tân Biên,25486,xa,base.state_vn_VN-37
ward_vn_25489,Xã Tân Lập,25489,xa,base.state_vn_VN-37
ward_vn_25498,Xã Thạnh Bình,25498,xa,base.state_vn_VN-37
ward_vn_25510,Xã Trà Vong,25510,xa,base.state_vn_VN-37
ward_vn_25516,Xã Tân Châu,25516,xa,base.state_vn_VN-37
ward_vn_25522,Xã Tân Đông,25522,xa,base.state_vn_VN-37
ward_vn_25525,Xã Tân Hội,25525,xa,base.state_vn_VN-37
ward_vn_25531,Xã Tân Hòa,25531,xa,base.state_vn_VN-37
ward_vn_25534,Xã Tân Thành,25534,xa,base.state_vn_VN-37
ward_vn_25549,Xã Tân Phú,25549,xa,base.state_vn_VN-37
ward_vn_25552,Xã Dương Minh Châu,25552,xa,base.state_vn_VN-37
ward_vn_25567,Phường Ninh Thạnh,25567,phuong,base.state_vn_VN-37
ward_vn_25573,Xã Cầu Khởi,25573,xa,base.state_vn_VN-37
ward_vn_25579,Xã Lộc Ninh,25579,xa,base.state_vn_VN-37
ward_vn_25585,Xã Châu Thành,25585,xa,base.state_vn_VN-37
ward_vn_25588,Xã Hảo Đước,25588,xa,base.state_vn_VN-37
ward_vn_25591,Xã Phước Vinh,25591,xa,base.state_vn_VN-37
ward_vn_25606,Xã Hòa Hội,25606,xa,base.state_vn_VN-37
ward_vn_25621,Xã Ninh Điền,25621,xa,base.state_vn_VN-37
ward_vn_25630,Phường Long Hoa,25630,phuong,base.state_vn_VN-37
ward_vn_25633,Phường Thanh Điền,25633,phuong,base.state_vn_VN-37
ward_vn_25645,Phường Hòa Thành,25645,phuong,base.state_vn_VN-37
ward_vn_25654,Phường Gò Dầu,25654,phuong,base.state_vn_VN-37
ward_vn_25657,Xã Thạnh Đức,25657,xa,base.state_vn_VN-37
ward_vn_25663,Xã Phước Thạnh,25663,xa,base.state_vn_VN-37
ward_vn_25666,Xã Truông Mít,25666,xa,base.state_vn_VN-37
ward_vn_25672,Phường Gia Lộc,25672,phuong,base.state_vn_VN-37
ward_vn_25681,Xã Bến Cầu,25681,xa,base.state_vn_VN-37
ward_vn_25684,Xã Long Chữ,25684,xa,base.state_vn_VN-37
ward_vn_25702,Xã Long Thuận,25702,xa,base.state_vn_VN-37
ward_vn_25708,Phường Trảng Bàng,25708,phuong,base.state_vn_VN-37
ward_vn_25711,Xã Hưng Thuận,25711,xa,base.state_vn_VN-37
ward_vn_25729,Xã Phước Chỉ,25729,xa,base.state_vn_VN-37
ward_vn_25732,Phường An Tịnh,25732,phuong,base.state_vn_VN-37
ward_vn_27694,Phường Long An,27694,phuong,base.state_vn_VN-37
ward_vn_27712,Phường Tân An,27712,phuong,base.state_vn_VN-37
ward_vn_27715,Phường Khánh Hậu,27715,phuong,base.state_vn_VN-37
ward_vn_27721,Xã Tân Hưng,27721,xa,base.state_vn_VN-37
ward_vn_27727,Xã Hưng Điền,27727,xa,base.state_vn_VN-37
ward_vn_27736,Xã Vĩnh Thạnh,27736,xa,base.state_vn_VN-37
ward_vn_27748,Xã Vĩnh Châu,27748,xa,base.state_vn_VN-37
ward_vn_27757,Xã Vĩnh Hưng,27757,xa,base.state_vn_VN-37
ward_vn_27763,Xã Khánh Hưng,27763,xa,base.state_vn_VN-37
ward_vn_27775,Xã Tuyên Bình,27775,xa,base.state_vn_VN-37
ward_vn_27787,Phường Kiến Tường,27787,phuong,base.state_vn_VN-37
ward_vn_27793,Xã Bình Hiệp,27793,xa,base.state_vn_VN-37
ward_vn_27811,Xã Bình Hòa,27811,xa,base.state_vn_VN-37
ward_vn_27817,Xã Tuyên Thạnh,27817,xa,base.state_vn_VN-37
ward_vn_27823,Xã Mộc Hóa,27823,xa,base.state_vn_VN-37
ward_vn_27826,Xã Tân Thạnh,27826,xa,base.state_vn_VN-37
ward_vn_27838,Xã Nhơn Hòa Lập,27838,xa,base.state_vn_VN-37
ward_vn_27841,Xã Hậu Thạnh,27841,xa,base.state_vn_VN-37
ward_vn_27856,Xã Nhơn Ninh,27856,xa,base.state_vn_VN-37
ward_vn_27865,Xã Thạnh Hóa,27865,xa,base.state_vn_VN-37
ward_vn_27868,Xã Bình Thành,27868,xa,base.state_vn_VN-37
ward_vn_27877,Xã Thạnh Phước,27877,xa,base.state_vn_VN-37
ward_vn_27889,Xã Tân Tây,27889,xa,base.state_vn_VN-37
ward_vn_27898,Xã Đông Thành,27898,xa,base.state_vn_VN-37
ward_vn_27907,Xã Mỹ Quý,27907,xa,base.state_vn_VN-37
ward_vn_27925,Xã Đức Huệ,27925,xa,base.state_vn_VN-37
ward_vn_27931,Xã Hậu Nghĩa,27931,xa,base.state_vn_VN-37
ward_vn_27937,Xã Đức Hòa,27937,xa,base.state_vn_VN-37
ward_vn_27943,Xã An Ninh,27943,xa,base.state_vn_VN-37
ward_vn_27952,Xã Hiệp Hòa,27952,xa,base.state_vn_VN-37
ward_vn_27964,Xã Đức Lập,27964,xa,base.state_vn_VN-37
ward_vn_27976,Xã Mỹ Hạnh,27976,xa,base.state_vn_VN-37
ward_vn_27979,Xã Hòa Khánh,27979,xa,base.state_vn_VN-37
ward_vn_27991,Xã Bến Lức,27991,xa,base.state_vn_VN-37
ward_vn_27994,Xã Thạnh Lợi,27994,xa,base.state_vn_VN-37
ward_vn_28003,Xã Lương Hòa,28003,xa,base.state_vn_VN-37
ward_vn_28015,Xã Bình Đức,28015,xa,base.state_vn_VN-37
ward_vn_28018,Xã Mỹ Yên,28018,xa,base.state_vn_VN-37
ward_vn_28036,Xã Thủ Thừa,28036,xa,base.state_vn_VN-37
ward_vn_28051,Xã Mỹ Thạnh,28051,xa,base.state_vn_VN-37
ward_vn_28066,Xã Mỹ An,28066,xa,base.state_vn_VN-37
ward_vn_28072,Xã Tân Long,28072,xa,base.state_vn_VN-37
ward_vn_28075,Xã Tân Trụ,28075,xa,base.state_vn_VN-37
ward_vn_28087,Xã Nhựt Tảo,28087,xa,base.state_vn_VN-37
ward_vn_28093,Xã Vàm Cỏ,28093,xa,base.state_vn_VN-37
ward_vn_28108,Xã Cần Đước,28108,xa,base.state_vn_VN-37
ward_vn_28114,Xã Rạch Kiến,28114,xa,base.state_vn_VN-37
ward_vn_28126,Xã Long Cang,28126,xa,base.state_vn_VN-37
ward_vn_28132,Xã Mỹ Lệ,28132,xa,base.state_vn_VN-37
ward_vn_28138,Xã Tân Lân,28138,xa,base.state_vn_VN-37
ward_vn_28144,Xã Long Hựu,28144,xa,base.state_vn_VN-37
ward_vn_28159,Xã Cần Giuộc,28159,xa,base.state_vn_VN-37
ward_vn_28165,Xã Phước Lý,28165,xa,base.state_vn_VN-37
ward_vn_28177,Xã Mỹ Lộc,28177,xa,base.state_vn_VN-37
ward_vn_28201,Xã Phước Vĩnh Tây,28201,xa,base.state_vn_VN-37
ward_vn_28207,Xã Tân Tập,28207,xa,base.state_vn_VN-37
ward_vn_28210,Xã Tầm Vu,28210,xa,base.state_vn_VN-37
ward_vn_28222,Xã Vĩnh Công,28222,xa,base.state_vn_VN-37
ward_vn_28225,Xã Thuận Mỹ,28225,xa,base.state_vn_VN-37
ward_vn_28243,Xã An Lục Long,28243,xa,base.state_vn_VN-37
ward_vn_28249,Phường Đạo Thạnh,28249,phuong,base.state_vn_VN-45
ward_vn_28261,Phường Mỹ Tho,28261,phuong,base.state_vn_VN-45
ward_vn_28270,Phường Thới Sơn,28270,phuong,base.state_vn_VN-45
ward_vn_28273,Phường Mỹ Phong,28273,phuong,base.state_vn_VN-45
ward_vn_28285,Phường Trung An,28285,phuong,base.state_vn_VN-45
ward_vn_28297,Phường Long Thuận,28297,phuong,base.state_vn_VN-45
ward_vn_28306,Phường Gò Công,28306,phuong,base.state_vn_VN-45
ward_vn_28315,Phường Bình Xuân,28315,phuong,base.state_vn_VN-45
ward_vn_28321,Xã Tân Phước 1,28321,xa,base.state_vn_VN-45
ward_vn_28327,Xã Tân Phước 2,28327,xa,base.state_vn_VN-45
ward_vn_28336,Xã Hưng Thạnh,28336,xa,base.state_vn_VN-45
ward_vn_28345,Xã Tân Phước 3,28345,xa,base.state_vn_VN-45
ward_vn_28360,Xã Cái Bè,28360,xa,base.state_vn_VN-45
ward_vn_28366,Xã Hậu Mỹ,28366,xa,base.state_vn_VN-45
ward_vn_28378,Xã Mỹ Thiện,28378,xa,base.state_vn_VN-45
ward_vn_28393,Xã Hội Cư,28393,xa,base.state_vn_VN-45
ward_vn_28405,Xã Mỹ Đức Tây,28405,xa,base.state_vn_VN-45
ward_vn_28414,Xã Mỹ Lợi,28414,xa,base.state_vn_VN-45
ward_vn_28426,Xã Thanh Hưng,28426,xa,base.state_vn_VN-45
ward_vn_28429,Xã An Hữu,28429,xa,base.state_vn_VN-45
ward_vn_28435,Phường Mỹ Phước Tây,28435,phuong,base.state_vn_VN-45
ward_vn_28436,Phường Thanh Hòa,28436,phuong,base.state_vn_VN-45
ward_vn_28439,Phường Cai Lậy,28439,phuong,base.state_vn_VN-45
ward_vn_28444,Xã Thạnh Phú,28444,xa,base.state_vn_VN-45
ward_vn_28456,Xã Mỹ Thành,28456,xa,base.state_vn_VN-45
ward_vn_28468,Xã Tân Phú,28468,xa,base.state_vn_VN-45
ward_vn_28471,Xã Bình Phú,28471,xa,base.state_vn_VN-45
ward_vn_28477,Phường Nhị Quý,28477,phuong,base.state_vn_VN-45
ward_vn_28501,Xã Hiệp Đức,28501,xa,base.state_vn_VN-45
ward_vn_28504,Xã Long Tiên,28504,xa,base.state_vn_VN-45
ward_vn_28516,Xã Ngũ Hiệp,28516,xa,base.state_vn_VN-45
ward_vn_28519,Xã Châu Thành,28519,xa,base.state_vn_VN-45
ward_vn_28525,Xã Tân Hương,28525,xa,base.state_vn_VN-45
ward_vn_28537,Xã Long Hưng,28537,xa,base.state_vn_VN-45
ward_vn_28543,Xã Long Định,28543,xa,base.state_vn_VN-45
ward_vn_28564,Xã Bình Trưng,28564,xa,base.state_vn_VN-45
ward_vn_28576,Xã Vĩnh Kim,28576,xa,base.state_vn_VN-45
ward_vn_28582,Xã Kim Sơn,28582,xa,base.state_vn_VN-45
ward_vn_28594,Xã Chợ Gạo,28594,xa,base.state_vn_VN-45
ward_vn_28603,Xã Mỹ Tịnh An,28603,xa,base.state_vn_VN-45
ward_vn_28615,Xã Lương Hòa Lạc,28615,xa,base.state_vn_VN-45
ward_vn_28627,Xã Tân Thuận Bình,28627,xa,base.state_vn_VN-45
ward_vn_28633,Xã An Thạnh Thủy,28633,xa,base.state_vn_VN-45
ward_vn_28648,Xã Bình Ninh,28648,xa,base.state_vn_VN-45
ward_vn_28651,Xã Vĩnh Bình,28651,xa,base.state_vn_VN-45
ward_vn_28660,Xã Đồng Sơn,28660,xa,base.state_vn_VN-45
ward_vn_28663,Xã Phú Thành,28663,xa,base.state_vn_VN-45
ward_vn_28678,Xã Vĩnh Hựu,28678,xa,base.state_vn_VN-45
ward_vn_28687,Xã Long Bình,28687,xa,base.state_vn_VN-45
ward_vn_28693,Xã Tân Thới,28693,xa,base.state_vn_VN-45
ward_vn_28696,Xã Tân Phú Đông,28696,xa,base.state_vn_VN-45
ward_vn_28702,Xã Tân Hòa,28702,xa,base.state_vn_VN-45
ward_vn_28720,Xã Gia Thuận,28720,xa,base.state_vn_VN-45
ward_vn_28723,Xã Tân Đông,28723,xa,base.state_vn_VN-45
ward_vn_28729,Phường Sơn Qui,28729,phuong,base.state_vn_VN-45
ward_vn_28738,Xã Tân Điền,28738,xa,base.state_vn_VN-45
ward_vn_28747,Xã Gò Công Đông,28747,xa,base.state_vn_VN-45
ward_vn_29869,Phường Cao Lãnh,29869,phuong,base.state_vn_VN-45
ward_vn_29884,Phường Mỹ Ngãi,29884,phuong,base.state_vn_VN-45
ward_vn_29888,Phường Mỹ Trà,29888,phuong,base.state_vn_VN-45
ward_vn_29905,Phường Sa Đéc,29905,phuong,base.state_vn_VN-45
ward_vn_29926,Xã Tân Hồng,29926,xa,base.state_vn_VN-45
ward_vn_29929,Xã Tân Hộ Cơ,29929,xa,base.state_vn_VN-45
ward_vn_29938,Xã Tân Thành,29938,xa,base.state_vn_VN-45
ward_vn_29944,Xã An Phước,29944,xa,base.state_vn_VN-45
ward_vn_29954,Phường An Bình,29954,phuong,base.state_vn_VN-45
ward_vn_29955,Phường Hồng Ngự,29955,phuong,base.state_vn_VN-45
ward_vn_29971,Xã Thường Phước,29971,xa,base.state_vn_VN-45
ward_vn_29978,Phường Thường Lạc,29978,phuong,base.state_vn_VN-45
ward_vn_29983,Xã Long Khánh,29983,xa,base.state_vn_VN-45
ward_vn_29992,Xã Long Phú Thuận,29992,xa,base.state_vn_VN-45
ward_vn_30001,Xã Tràm Chim,30001,xa,base.state_vn_VN-45
ward_vn_30010,Xã Tam Nông,30010,xa,base.state_vn_VN-45
ward_vn_30019,Xã An Hòa,30019,xa,base.state_vn_VN-45
ward_vn_30025,Xã Phú Cường,30025,xa,base.state_vn_VN-45
ward_vn_30028,Xã An Long,30028,xa,base.state_vn_VN-45
ward_vn_30034,Xã Phú Thọ,30034,xa,base.state_vn_VN-45
ward_vn_30037,Xã Tháp Mười,30037,xa,base.state_vn_VN-45
ward_vn_30043,Xã Phương Thịnh,30043,xa,base.state_vn_VN-45
ward_vn_30046,Xã Trường Xuân,30046,xa,base.state_vn_VN-45
ward_vn_30055,Xã Mỹ Quí,30055,xa,base.state_vn_VN-45
ward_vn_30061,Xã Đốc Binh Kiều,30061,xa,base.state_vn_VN-45
ward_vn_30073,Xã Thanh Mỹ,30073,xa,base.state_vn_VN-45
ward_vn_30076,Xã Mỹ Thọ,30076,xa,base.state_vn_VN-45
ward_vn_30085,Xã Ba Sao,30085,xa,base.state_vn_VN-45
ward_vn_30088,Xã Phong Mỹ,30088,xa,base.state_vn_VN-45
ward_vn_30112,Xã Mỹ Hiệp,30112,xa,base.state_vn_VN-45
ward_vn_30118,Xã Bình Hàng Trung,30118,xa,base.state_vn_VN-45
ward_vn_30130,Xã Thanh Bình,30130,xa,base.state_vn_VN-45
ward_vn_30154,Xã Tân Long,30154,xa,base.state_vn_VN-45
ward_vn_30157,Xã Tân Thạnh,30157,xa,base.state_vn_VN-45
ward_vn_30163,Xã Bình Thành,30163,xa,base.state_vn_VN-45
ward_vn_30169,Xã Lấp Vò,30169,xa,base.state_vn_VN-45
ward_vn_30178,Xã Mỹ An Hưng,30178,xa,base.state_vn_VN-45
ward_vn_30184,Xã Tân Khánh Trung,30184,xa,base.state_vn_VN-45
ward_vn_30208,Xã Hòa Long,30208,xa,base.state_vn_VN-45
ward_vn_30214,Xã Tân Dương,30214,xa,base.state_vn_VN-45
ward_vn_30226,Xã Lai Vung,30226,xa,base.state_vn_VN-45
ward_vn_30235,Xã Phong Hòa,30235,xa,base.state_vn_VN-45
ward_vn_30244,Xã Phú Hựu,30244,xa,base.state_vn_VN-45
ward_vn_30253,Xã Tân Nhuận Đông,30253,xa,base.state_vn_VN-45
ward_vn_30259,Xã Tân Phú Trung,30259,xa,base.state_vn_VN-45
ward_vn_28756,Phường Phú Khương,28756,phuong,base.state_vn_VN-49
ward_vn_28777,Phường An Hội,28777,phuong,base.state_vn_VN-49
ward_vn_28783,Phường Sơn Đông,28783,phuong,base.state_vn_VN-49
ward_vn_28789,Phường Bến Tre,28789,phuong,base.state_vn_VN-49
ward_vn_28807,Xã Giao Long,28807,xa,base.state_vn_VN-49
ward_vn_28810,Xã Phú Túc,28810,xa,base.state_vn_VN-49
ward_vn_28840,Xã Tân Phú,28840,xa,base.state_vn_VN-49
ward_vn_28858,Phường Phú Tân,28858,phuong,base.state_vn_VN-49
ward_vn_28861,Xã Tiên Thủy,28861,xa,base.state_vn_VN-49
ward_vn_28870,Xã Chợ Lách,28870,xa,base.state_vn_VN-49
ward_vn_28879,Xã Phú Phụng,28879,xa,base.state_vn_VN-49
ward_vn_28894,Xã Vĩnh Thành,28894,xa,base.state_vn_VN-49
ward_vn_28901,Xã Hưng Khánh Trung,28901,xa,base.state_vn_VN-49
ward_vn_28903,Xã Mỏ Cày,28903,xa,base.state_vn_VN-49
ward_vn_28915,Xã Phước Mỹ Trung,28915,xa,base.state_vn_VN-49
ward_vn_28921,Xã Tân Thành Bình,28921,xa,base.state_vn_VN-49
ward_vn_28945,Xã Đồng Khởi,28945,xa,base.state_vn_VN-49
ward_vn_28948,Xã Nhuận Phú Tân,28948,xa,base.state_vn_VN-49
ward_vn_28957,Xã An Định,28957,xa,base.state_vn_VN-49
ward_vn_28969,Xã Thành Thới,28969,xa,base.state_vn_VN-49
ward_vn_28981,Xã Hương Mỹ,28981,xa,base.state_vn_VN-49
ward_vn_28984,Xã Giồng Trôm,28984,xa,base.state_vn_VN-49
ward_vn_28987,Xã Lương Hòa,28987,xa,base.state_vn_VN-49
ward_vn_28993,Xã Lương Phú,28993,xa,base.state_vn_VN-49
ward_vn_28996,Xã Châu Hòa,28996,xa,base.state_vn_VN-49
ward_vn_29020,Xã Phước Long,29020,xa,base.state_vn_VN-49
ward_vn_29029,Xã Tân Hào,29029,xa,base.state_vn_VN-49
ward_vn_29044,Xã Hưng Nhượng,29044,xa,base.state_vn_VN-49
ward_vn_29050,Xã Bình Đại,29050,xa,base.state_vn_VN-49
ward_vn_29062,Xã Phú Thuận,29062,xa,base.state_vn_VN-49
ward_vn_29077,Xã Lộc Thuận,29077,xa,base.state_vn_VN-49
ward_vn_29083,Xã Châu Hưng,29083,xa,base.state_vn_VN-49
ward_vn_29089,Xã Thạnh Trị,29089,xa,base.state_vn_VN-49
ward_vn_29104,Xã Thạnh Phước,29104,xa,base.state_vn_VN-49
ward_vn_29107,Xã Thới Thuận,29107,xa,base.state_vn_VN-49
ward_vn_29110,Xã Ba Tri,29110,xa,base.state_vn_VN-49
ward_vn_29122,Xã Mỹ Chánh Hòa,29122,xa,base.state_vn_VN-49
ward_vn_29125,Xã Bảo Thạnh,29125,xa,base.state_vn_VN-49
ward_vn_29137,Xã Tân Xuân,29137,xa,base.state_vn_VN-49
ward_vn_29143,Xã An Ngãi Trung,29143,xa,base.state_vn_VN-49
ward_vn_29158,Xã An Hiệp,29158,xa,base.state_vn_VN-49
ward_vn_29167,Xã Tân Thủy,29167,xa,base.state_vn_VN-49
ward_vn_29182,Xã Thạnh Phú,29182,xa,base.state_vn_VN-49
ward_vn_29191,Xã Quới Điền,29191,xa,base.state_vn_VN-49
ward_vn_29194,Xã Đại Điền,29194,xa,base.state_vn_VN-49
ward_vn_29221,Xã Thạnh Hải,29221,xa,base.state_vn_VN-49
ward_vn_29224,Xã An Qui,29224,xa,base.state_vn_VN-49
ward_vn_29227,Xã Thạnh Phong,29227,xa,base.state_vn_VN-49
ward_vn_29242,Phường Trà Vinh,29242,phuong,base.state_vn_VN-49
ward_vn_29254,Phường Nguyệt Hóa,29254,phuong,base.state_vn_VN-49
ward_vn_29263,Phường Long Đức,29263,phuong,base.state_vn_VN-49
ward_vn_29266,Xã Càng Long,29266,xa,base.state_vn_VN-49
ward_vn_29275,Xã An Trường,29275,xa,base.state_vn_VN-49
ward_vn_29278,Xã Tân An,29278,xa,base.state_vn_VN-49
ward_vn_29287,Xã Bình Phú,29287,xa,base.state_vn_VN-49
ward_vn_29302,Xã Nhị Long,29302,xa,base.state_vn_VN-49
ward_vn_29308,Xã Cầu Kè,29308,xa,base.state_vn_VN-49
ward_vn_29317,Xã An Phú Tân,29317,xa,base.state_vn_VN-49
ward_vn_29329,Xã Phong Thạnh,29329,xa,base.state_vn_VN-49
ward_vn_29335,Xã Tam Ngãi,29335,xa,base.state_vn_VN-49
ward_vn_29341,Xã Tiểu Cần,29341,xa,base.state_vn_VN-49
ward_vn_29362,Xã Hùng Hòa,29362,xa,base.state_vn_VN-49
ward_vn_29365,Xã Tập Ngãi,29365,xa,base.state_vn_VN-49
ward_vn_29371,Xã Tân Hòa,29371,xa,base.state_vn_VN-49
ward_vn_29374,Xã Châu Thành,29374,xa,base.state_vn_VN-49
ward_vn_29386,Xã Song Lộc,29386,xa,base.state_vn_VN-49
ward_vn_29398,Phường Hòa Thuận,29398,phuong,base.state_vn_VN-49
ward_vn_29407,Xã Hưng Mỹ,29407,xa,base.state_vn_VN-49
ward_vn_29410,Xã Hòa Minh,29410,xa,base.state_vn_VN-49
ward_vn_29413,Xã Long Hòa,29413,xa,base.state_vn_VN-49
ward_vn_29416,Xã Cầu Ngang,29416,xa,base.state_vn_VN-49
ward_vn_29419,Xã Mỹ Long,29419,xa,base.state_vn_VN-49
ward_vn_29431,Xã Vinh Kim,29431,xa,base.state_vn_VN-49
ward_vn_29446,Xã Nhị Trường,29446,xa,base.state_vn_VN-49
ward_vn_29455,Xã Hiệp Mỹ,29455,xa,base.state_vn_VN-49
ward_vn_29461,Xã Trà Cú,29461,xa,base.state_vn_VN-49
ward_vn_29467,Xã Tập Sơn,29467,xa,base.state_vn_VN-49
ward_vn_29476,Xã Lưu Nghiệp Anh,29476,xa,base.state_vn_VN-49
ward_vn_29489,Xã Hàm Giang,29489,xa,base.state_vn_VN-49
ward_vn_29491,Xã Đại An,29491,xa,base.state_vn_VN-49
ward_vn_29497,Xã Đôn Châu,29497,xa,base.state_vn_VN-49
ward_vn_29506,Xã Long Hiệp,29506,xa,base.state_vn_VN-49
ward_vn_29512,Phường Duyên Hải,29512,phuong,base.state_vn_VN-49
ward_vn_29513,Xã Long Thành,29513,xa,base.state_vn_VN-49
ward_vn_29516,Phường Trường Long Hòa,29516,phuong,base.state_vn_VN-49
ward_vn_29518,Xã Long Hữu,29518,xa,base.state_vn_VN-49
ward_vn_29530,Xã Ngũ Lạc,29530,xa,base.state_vn_VN-49
ward_vn_29533,Xã Long Vĩnh,29533,xa,base.state_vn_VN-49
ward_vn_29536,Xã Đông Hải,29536,xa,base.state_vn_VN-49
ward_vn_29551,Phường Long Châu,29551,phuong,base.state_vn_VN-49
ward_vn_29557,Phường Phước Hậu,29557,phuong,base.state_vn_VN-49
ward_vn_29566,Phường Tân Ngãi,29566,phuong,base.state_vn_VN-49
ward_vn_29584,Xã An Bình,29584,xa,base.state_vn_VN-49
ward_vn_29590,Phường Thanh Đức,29590,phuong,base.state_vn_VN-49
ward_vn_29593,Phường Tân Hạnh,29593,phuong,base.state_vn_VN-49
ward_vn_29602,Xã Long Hồ,29602,xa,base.state_vn_VN-49
ward_vn_29611,Xã Phú Quới,29611,xa,base.state_vn_VN-49
ward_vn_29623,Xã Nhơn Phú,29623,xa,base.state_vn_VN-49
ward_vn_29638,Xã Bình Phước,29638,xa,base.state_vn_VN-49
ward_vn_29641,Xã Cái Nhum,29641,xa,base.state_vn_VN-49
ward_vn_29653,Xã Tân Long Hội,29653,xa,base.state_vn_VN-49
ward_vn_29659,Xã Trung Thành,29659,xa,base.state_vn_VN-49
ward_vn_29668,Xã Quới An,29668,xa,base.state_vn_VN-49
ward_vn_29677,Xã Quới Thiện,29677,xa,base.state_vn_VN-49
ward_vn_29683,Xã Trung Hiệp,29683,xa,base.state_vn_VN-49
ward_vn_29698,Xã Trung Ngãi,29698,xa,base.state_vn_VN-49
ward_vn_29701,Xã Hiếu Phụng,29701,xa,base.state_vn_VN-49
ward_vn_29713,Xã Hiếu Thành,29713,xa,base.state_vn_VN-49
ward_vn_29719,Xã Tam Bình,29719,xa,base.state_vn_VN-49
ward_vn_29728,Xã Cái Ngang,29728,xa,base.state_vn_VN-49
ward_vn_29734,Xã Hòa Hiệp,29734,xa,base.state_vn_VN-49
ward_vn_29740,Xã Song Phú,29740,xa,base.state_vn_VN-49
ward_vn_29767,Xã Ngãi Tứ,29767,xa,base.state_vn_VN-49
ward_vn_29770,Phường Cái Vồn,29770,phuong,base.state_vn_VN-49
ward_vn_29771,Phường Bình Minh,29771,phuong,base.state_vn_VN-49
ward_vn_29785,Xã Tân Lược,29785,xa,base.state_vn_VN-49
ward_vn_29788,Xã Mỹ Thuận,29788,xa,base.state_vn_VN-49
ward_vn_29800,Xã Tân Quới,29800,xa,base.state_vn_VN-49
ward_vn_29812,Phường Đông Thành,29812,phuong,base.state_vn_VN-49
ward_vn_29821,Xã Trà Ôn,29821,xa,base.state_vn_VN-49
ward_vn_29830,Xã Hòa Bình,29830,xa,base.state_vn_VN-49
ward_vn_29836,Xã Trà Côn,29836,xa,base.state_vn_VN-49
ward_vn_29845,Xã Vĩnh Xuân,29845,xa,base.state_vn_VN-49
ward_vn_29857,Xã Lục Sĩ Thành,29857,xa,base.state_vn_VN-49
ward_vn_30292,Phường Bình Đức,30292,phuong,base.state_vn_VN-44
ward_vn_30301,Phường Mỹ Thới,30301,phuong,base.state_vn_VN-44
ward_vn_30307,Phường Long Xuyên,30307,phuong,base.state_vn_VN-44
ward_vn_30313,Xã Mỹ Hòa Hưng,30313,xa,base.state_vn_VN-44
ward_vn_30316,Phường Châu Đốc,30316,phuong,base.state_vn_VN-44
ward_vn_30325,Phường Vĩnh Tế,30325,phuong,base.state_vn_VN-44
ward_vn_30337,Xã An Phú,30337,xa,base.state_vn_VN-44
ward_vn_30341,Xã Khánh Bình,30341,xa,base.state_vn_VN-44
ward_vn_30346,Xã Nhơn Hội,30346,xa,base.state_vn_VN-44
ward_vn_30352,Xã Phú Hữu,30352,xa,base.state_vn_VN-44
ward_vn_30367,Xã Vĩnh Hậu,30367,xa,base.state_vn_VN-44
ward_vn_30376,Phường Tân Châu,30376,phuong,base.state_vn_VN-44
ward_vn_30377,Phường Long Phú,30377,phuong,base.state_vn_VN-44
ward_vn_30385,Xã Vĩnh Xương,30385,xa,base.state_vn_VN-44
ward_vn_30388,Xã Tân An,30388,xa,base.state_vn_VN-44
ward_vn_30403,Xã Châu Phong,30403,xa,base.state_vn_VN-44
ward_vn_30406,Xã Phú Tân,30406,xa,base.state_vn_VN-44
ward_vn_30409,Xã Chợ Vàm,30409,xa,base.state_vn_VN-44
ward_vn_30421,Xã Phú Lâm,30421,xa,base.state_vn_VN-44
ward_vn_30430,Xã Hòa Lạc,30430,xa,base.state_vn_VN-44
ward_vn_30436,Xã Phú An,30436,xa,base.state_vn_VN-44
ward_vn_30445,Xã Bình Thạnh Đông,30445,xa,base.state_vn_VN-44
ward_vn_30463,Xã Châu Phú,30463,xa,base.state_vn_VN-44
ward_vn_30469,Xã Mỹ Đức,30469,xa,base.state_vn_VN-44
ward_vn_30478,Xã Vĩnh Thạnh Trung,30478,xa,base.state_vn_VN-44
ward_vn_30481,Xã Thạnh Mỹ Tây,30481,xa,base.state_vn_VN-44
ward_vn_30487,Xã Bình Mỹ,30487,xa,base.state_vn_VN-44
ward_vn_30502,Phường Thới Sơn,30502,phuong,base.state_vn_VN-44
ward_vn_30505,Phường Chi Lăng,30505,phuong,base.state_vn_VN-44
ward_vn_30520,Phường Tịnh Biên,30520,phuong,base.state_vn_VN-44
ward_vn_30526,Xã An Cư,30526,xa,base.state_vn_VN-44
ward_vn_30538,Xã Núi Cấm,30538,xa,base.state_vn_VN-44
ward_vn_30544,Xã Tri Tôn,30544,xa,base.state_vn_VN-44
ward_vn_30547,Xã Ba Chúc,30547,xa,base.state_vn_VN-44
ward_vn_30568,Xã Vĩnh Gia,30568,xa,base.state_vn_VN-44
ward_vn_30577,Xã Ô Lâm,30577,xa,base.state_vn_VN-44
ward_vn_30580,Xã Cô Tô,30580,xa,base.state_vn_VN-44
ward_vn_30589,Xã An Châu,30589,xa,base.state_vn_VN-44
ward_vn_30595,Xã Cần Đăng,30595,xa,base.state_vn_VN-44
ward_vn_30604,Xã Vĩnh An,30604,xa,base.state_vn_VN-44
ward_vn_30607,Xã Bình Hòa,30607,xa,base.state_vn_VN-44
ward_vn_30619,Xã Vĩnh Hanh,30619,xa,base.state_vn_VN-44
ward_vn_30628,Xã Chợ Mới,30628,xa,base.state_vn_VN-44
ward_vn_30631,Xã Long Điền,30631,xa,base.state_vn_VN-44
ward_vn_30643,Xã Cù Lao Giêng,30643,xa,base.state_vn_VN-44
ward_vn_30658,Xã Nhơn Mỹ,30658,xa,base.state_vn_VN-44
ward_vn_30664,Xã Long Kiến,30664,xa,base.state_vn_VN-44
ward_vn_30673,Xã Hội An,30673,xa,base.state_vn_VN-44
ward_vn_30682,Xã Thoại Sơn,30682,xa,base.state_vn_VN-44
ward_vn_30685,Xã Phú Hòa,30685,xa,base.state_vn_VN-44
ward_vn_30688,Xã Óc Eo,30688,xa,base.state_vn_VN-44
ward_vn_30691,Xã Tây Phú,30691,xa,base.state_vn_VN-44
ward_vn_30697,Xã Vĩnh Trạch,30697,xa,base.state_vn_VN-44
ward_vn_30709,Xã Định Mỹ,30709,xa,base.state_vn_VN-44
ward_vn_30742,Phường Rạch Giá,30742,phuong,base.state_vn_VN-44
ward_vn_30760,Phường Vĩnh Thông,30760,phuong,base.state_vn_VN-44
ward_vn_30766,Phường Tô Châu,30766,phuong,base.state_vn_VN-44
ward_vn_30769,Phường Hà Tiên,30769,phuong,base.state_vn_VN-44
ward_vn_30781,Xã Tiên Hải,30781,xa,base.state_vn_VN-44
ward_vn_30787,Xã Kiên Lương,30787,xa,base.state_vn_VN-44
ward_vn_30790,Xã Hòa Điền,30790,xa,base.state_vn_VN-44
ward_vn_30793,Xã Vĩnh Điều,30793,xa,base.state_vn_VN-44
ward_vn_30796,Xã Giang Thành,30796,xa,base.state_vn_VN-44
ward_vn_30811,Xã Sơn Hải,30811,xa,base.state_vn_VN-44
ward_vn_30814,Xã Hòn Nghệ,30814,xa,base.state_vn_VN-44
ward_vn_30817,Xã Hòn Đất,30817,xa,base.state_vn_VN-44
ward_vn_30823,Xã Bình Sơn,30823,xa,base.state_vn_VN-44
ward_vn_30826,Xã Bình Giang,30826,xa,base.state_vn_VN-44
ward_vn_30835,Xã Sơn Kiên,30835,xa,base.state_vn_VN-44
ward_vn_30838,Xã Mỹ Thuận,30838,xa,base.state_vn_VN-44
ward_vn_30850,Xã Tân Hiệp,30850,xa,base.state_vn_VN-44
ward_vn_30856,Xã Tân Hội,30856,xa,base.state_vn_VN-44
ward_vn_30874,Xã Thạnh Đông,30874,xa,base.state_vn_VN-44
ward_vn_30880,Xã Châu Thành,30880,xa,base.state_vn_VN-44
ward_vn_30886,Xã Thạnh Lộc,30886,xa,base.state_vn_VN-44
ward_vn_30898,Xã Bình An,30898,xa,base.state_vn_VN-44
ward_vn_30904,Xã Giồng Riềng,30904,xa,base.state_vn_VN-44
ward_vn_30910,Xã Thạnh Hưng,30910,xa,base.state_vn_VN-44
ward_vn_30928,Xã Ngọc Chúc,30928,xa,base.state_vn_VN-44
ward_vn_30934,Xã Hòa Hưng,30934,xa,base.state_vn_VN-44
ward_vn_30943,Xã Long Thạnh,30943,xa,base.state_vn_VN-44
ward_vn_30949,Xã Hòa Thuận,30949,xa,base.state_vn_VN-44
ward_vn_30952,Xã Gò Quao,30952,xa,base.state_vn_VN-44
ward_vn_30958,Xã Định Hòa,30958,xa,base.state_vn_VN-44
ward_vn_30970,Xã Vĩnh Hòa Hưng,30970,xa,base.state_vn_VN-44
ward_vn_30982,Xã Vĩnh Tuy,30982,xa,base.state_vn_VN-44
ward_vn_30985,Xã An Biên,30985,xa,base.state_vn_VN-44
ward_vn_30988,Xã Tây Yên,30988,xa,base.state_vn_VN-44
ward_vn_31006,Xã Đông Thái,31006,xa,base.state_vn_VN-44
ward_vn_31012,Xã Vĩnh Hòa,31012,xa,base.state_vn_VN-44
ward_vn_31018,Xã An Minh,31018,xa,base.state_vn_VN-44
ward_vn_31024,Xã Đông Hòa,31024,xa,base.state_vn_VN-44
ward_vn_31027,Xã U Minh Thượng,31027,xa,base.state_vn_VN-44
ward_vn_31031,Xã Tân Thạnh,31031,xa,base.state_vn_VN-44
ward_vn_31036,Xã Đông Hưng,31036,xa,base.state_vn_VN-44
ward_vn_31042,Xã Vân Khánh,31042,xa,base.state_vn_VN-44
ward_vn_31051,Xã Vĩnh Phong,31051,xa,base.state_vn_VN-44
ward_vn_31064,Xã Vĩnh Bình,31064,xa,base.state_vn_VN-44
ward_vn_31069,Xã Vĩnh Thuận,31069,xa,base.state_vn_VN-44
ward_vn_31078,Đặc khu Phú Quốc,31078,dac_khu,base.state_vn_VN-44
ward_vn_31105,Đặc khu Thổ Châu,31105,dac_khu,base.state_vn_VN-44
ward_vn_31108,Đặc khu Kiên Hải,31108,dac_khu,base.state_vn_VN-44
ward_vn_31120,Phường Cái Khế,31120,phuong,base.state_vn_VN-CT
ward_vn_31135,Phường Ninh Kiều,31135,phuong,base.state_vn_VN-CT
ward_vn_31147,Phường Tân An,31147,phuong,base.state_vn_VN-CT
ward_vn_31150,Phường An Bình,31150,phuong,base.state_vn_VN-CT
ward_vn_31153,Phường Ô Môn,31153,phuong,base.state_vn_VN-CT
ward_vn_31157,Phường Thới Long,31157,phuong,base.state_vn_VN-CT
ward_vn_31162,Phường Phước Thới,31162,phuong,base.state_vn_VN-CT
ward_vn_31168,Phường Bình Thủy,31168,phuong,base.state_vn_VN-CT
ward_vn_31174,Phường Thới An Đông,31174,phuong,base.state_vn_VN-CT
ward_vn_31183,Phường Long Tuyền,31183,phuong,base.state_vn_VN-CT
ward_vn_31186,Phường Cái Răng,31186,phuong,base.state_vn_VN-CT
ward_vn_31201,Phường Hưng Phú,31201,phuong,base.state_vn_VN-CT
ward_vn_31207,Phường Thốt Nốt,31207,phuong,base.state_vn_VN-CT
ward_vn_31213,Phường Tân Lộc,31213,phuong,base.state_vn_VN-CT
ward_vn_31217,Phường Trung Nhứt,31217,phuong,base.state_vn_VN-CT
ward_vn_31228,Phường Thuận Hưng,31228,phuong,base.state_vn_VN-CT
ward_vn_31231,Xã Thạnh An,31231,xa,base.state_vn_VN-CT
ward_vn_31232,Xã Vĩnh Thạnh,31232,xa,base.state_vn_VN-CT
ward_vn_31237,Xã Vĩnh Trinh,31237,xa,base.state_vn_VN-CT
ward_vn_31246,Xã Thạnh Quới,31246,xa,base.state_vn_VN-CT
ward_vn_31249,Xã Thạnh Phú,31249,xa,base.state_vn_VN-CT
ward_vn_31255,Xã Trung Hưng,31255,xa,base.state_vn_VN-CT
ward_vn_31258,Xã Thới Lai,31258,xa,base.state_vn_VN-CT
ward_vn_31261,Xã Cờ Đỏ,31261,xa,base.state_vn_VN-CT
ward_vn_31264,Xã Thới Hưng,31264,xa,base.state_vn_VN-CT
ward_vn_31273,Xã Đông Hiệp,31273,xa,base.state_vn_VN-CT
ward_vn_31282,Xã Đông Thuận,31282,xa,base.state_vn_VN-CT
ward_vn_31288,Xã Trường Thành,31288,xa,base.state_vn_VN-CT
ward_vn_31294,Xã Trường Xuân,31294,xa,base.state_vn_VN-CT
ward_vn_31299,Xã Phong Điền,31299,xa,base.state_vn_VN-CT
ward_vn_31309,Xã Trường Long,31309,xa,base.state_vn_VN-CT
ward_vn_31315,Xã Nhơn Ái,31315,xa,base.state_vn_VN-CT
ward_vn_31321,Phường Vị Thanh,31321,phuong,base.state_vn_VN-CT
ward_vn_31333,Phường Vị Tân,31333,phuong,base.state_vn_VN-CT
ward_vn_31338,Xã Hỏa Lựu,31338,xa,base.state_vn_VN-CT
ward_vn_31340,Phường Ngã Bảy,31340,phuong,base.state_vn_VN-CT
ward_vn_31342,Xã Tân Hòa,31342,xa,base.state_vn_VN-CT
ward_vn_31348,Xã Trường Long Tây,31348,xa,base.state_vn_VN-CT
ward_vn_31360,Xã Thạnh Xuân,31360,xa,base.state_vn_VN-CT
ward_vn_31366,Xã Châu Thành,31366,xa,base.state_vn_VN-CT
ward_vn_31369,Xã Đông Phước,31369,xa,base.state_vn_VN-CT
ward_vn_31378,Xã Phú Hữu,31378,xa,base.state_vn_VN-CT
ward_vn_31393,Xã Hòa An,31393,xa,base.state_vn_VN-CT
ward_vn_31396,Xã Hiệp Hưng,31396,xa,base.state_vn_VN-CT
ward_vn_31399,Xã Tân Bình,31399,xa,base.state_vn_VN-CT
ward_vn_31408,Xã Thạnh Hòa,31408,xa,base.state_vn_VN-CT
ward_vn_31411,Phường Đại Thành,31411,phuong,base.state_vn_VN-CT
ward_vn_31420,Xã Phụng Hiệp,31420,xa,base.state_vn_VN-CT
ward_vn_31426,Xã Phương Bình,31426,xa,base.state_vn_VN-CT
ward_vn_31432,Xã Tân Phước Hưng,31432,xa,base.state_vn_VN-CT
ward_vn_31441,Xã Vị Thủy,31441,xa,base.state_vn_VN-CT
ward_vn_31453,Xã Vĩnh Thuận Đông,31453,xa,base.state_vn_VN-CT
ward_vn_31459,Xã Vĩnh Tường,31459,xa,base.state_vn_VN-CT
ward_vn_31465,Xã Vị Thanh 1,31465,xa,base.state_vn_VN-CT
ward_vn_31471,Phường Long Mỹ,31471,phuong,base.state_vn_VN-CT
ward_vn_31473,Phường Long Bình,31473,phuong,base.state_vn_VN-CT
ward_vn_31480,Phường Long Phú 1,31480,phuong,base.state_vn_VN-CT
ward_vn_31489,Xã Vĩnh Viễn,31489,xa,base.state_vn_VN-CT
ward_vn_31492,Xã Lương Tâm,31492,xa,base.state_vn_VN-CT
ward_vn_31495,Xã Xà Phiên,31495,xa,base.state_vn_VN-CT
ward_vn_31507,Phường Sóc Trăng,31507,phuong,base.state_vn_VN-CT
ward_vn_31510,Phường Phú Lợi,31510,phuong,base.state_vn_VN-CT
ward_vn_31528,Xã Kế Sách,31528,xa,base.state_vn_VN-CT
ward_vn_31531,Xã An Lạc Thôn,31531,xa,base.state_vn_VN-CT
ward_vn_31537,Xã Phong Nẫm,31537,xa,base.state_vn_VN-CT
ward_vn_31540,Xã Thới An Hội,31540,xa,base.state_vn_VN-CT
ward_vn_31552,Xã Nhơn Mỹ,31552,xa,base.state_vn_VN-CT
ward_vn_31561,Xã Đại Hải,31561,xa,base.state_vn_VN-CT
ward_vn_31567,Xã Mỹ Tú,31567,xa,base.state_vn_VN-CT
ward_vn_31569,Xã Phú Tâm,31569,xa,base.state_vn_VN-CT
ward_vn_31570,Xã Hồ Đắc Kiện,31570,xa,base.state_vn_VN-CT
ward_vn_31579,Xã Long Hưng,31579,xa,base.state_vn_VN-CT
ward_vn_31582,Xã Thuận Hòa,31582,xa,base.state_vn_VN-CT
ward_vn_31591,Xã Mỹ Hương,31591,xa,base.state_vn_VN-CT
ward_vn_31594,Xã An Ninh,31594,xa,base.state_vn_VN-CT
ward_vn_31603,Xã Mỹ Phước,31603,xa,base.state_vn_VN-CT
ward_vn_31615,Xã An Thạnh,31615,xa,base.state_vn_VN-CT
ward_vn_31633,Xã Cù Lao Dung,31633,xa,base.state_vn_VN-CT
ward_vn_31639,Xã Long Phú,31639,xa,base.state_vn_VN-CT
ward_vn_31645,Xã Đại Ngãi,31645,xa,base.state_vn_VN-CT
ward_vn_31654,Xã Trường Khánh,31654,xa,base.state_vn_VN-CT
ward_vn_31666,Xã Tân Thạnh,31666,xa,base.state_vn_VN-CT
ward_vn_31673,Xã Trần Đề,31673,xa,base.state_vn_VN-CT
ward_vn_31675,Xã Liêu Tú,31675,xa,base.state_vn_VN-CT
ward_vn_31679,Xã Lịch Hội Thượng,31679,xa,base.state_vn_VN-CT
ward_vn_31684,Phường Mỹ Xuyên,31684,phuong,base.state_vn_VN-CT
ward_vn_31687,Xã Tài Văn,31687,xa,base.state_vn_VN-CT
ward_vn_31699,Xã Thạnh Thới An,31699,xa,base.state_vn_VN-CT
ward_vn_31708,Xã Nhu Gia,31708,xa,base.state_vn_VN-CT
ward_vn_31717,Xã Hòa Tú,31717,xa,base.state_vn_VN-CT
ward_vn_31723,Xã Ngọc Tố,31723,xa,base.state_vn_VN-CT
ward_vn_31726,Xã Gia Hòa,31726,xa,base.state_vn_VN-CT
ward_vn_31732,Phường Ngã Năm,31732,phuong,base.state_vn_VN-CT
ward_vn_31741,Xã Tân Long,31741,xa,base.state_vn_VN-CT
ward_vn_31753,Phường Mỹ Quới,31753,phuong,base.state_vn_VN-CT
ward_vn_31756,Xã Phú Lộc,31756,xa,base.state_vn_VN-CT
ward_vn_31759,Xã Lâm Tân,31759,xa,base.state_vn_VN-CT
ward_vn_31777,Xã Vĩnh Lợi,31777,xa,base.state_vn_VN-CT
ward_vn_31783,Phường Vĩnh Châu,31783,phuong,base.state_vn_VN-CT
ward_vn_31789,Phường Khánh Hòa,31789,phuong,base.state_vn_VN-CT
ward_vn_31795,Xã Vĩnh Hải,31795,xa,base.state_vn_VN-CT
ward_vn_31804,Phường Vĩnh Phước,31804,phuong,base.state_vn_VN-CT
ward_vn_31810,Xã Lai Hòa,31810,xa,base.state_vn_VN-CT
ward_vn_31825,Phường Bạc Liêu,31825,phuong,base.state_vn_VN-59
ward_vn_31834,Phường Vĩnh Trạch,31834,phuong,base.state_vn_VN-59
ward_vn_31840,Phường Hiệp Thành,31840,phuong,base.state_vn_VN-59
ward_vn_31843,Xã Hồng Dân,31843,xa,base.state_vn_VN-59
ward_vn_31849,Xã Ninh Quới,31849,xa,base.state_vn_VN-59
ward_vn_31858,Xã Vĩnh Lộc,31858,xa,base.state_vn_VN-59
ward_vn_31864,Xã Ninh Thạnh Lợi,31864,xa,base.state_vn_VN-59
ward_vn_31867,Xã Phước Long,31867,xa,base.state_vn_VN-59
ward_vn_31876,Xã Vĩnh Phước,31876,xa,base.state_vn_VN-59
ward_vn_31882,Xã Vĩnh Thanh,31882,xa,base.state_vn_VN-59
ward_vn_31885,Xã Phong Hiệp,31885,xa,base.state_vn_VN-59
ward_vn_31891,Xã Hòa Bình,31891,xa,base.state_vn_VN-59
ward_vn_31894,Xã Châu Thới,31894,xa,base.state_vn_VN-59
ward_vn_31900,Xã Vĩnh Lợi,31900,xa,base.state_vn_VN-59
ward_vn_31906,Xã Hưng Hội,31906,xa,base.state_vn_VN-59
ward_vn_31918,Xã Vĩnh Mỹ,31918,xa,base.state_vn_VN-59
ward_vn_31927,Xã Vĩnh Hậu,31927,xa,base.state_vn_VN-59
ward_vn_31942,Phường Giá Rai,31942,phuong,base.state_vn_VN-59
ward_vn_31951,Phường Láng Tròn,31951,phuong,base.state_vn_VN-59
ward_vn_31957,Xã Phong Thạnh,31957,xa,base.state_vn_VN-59
ward_vn_31972,Xã Gành Hào,31972,xa,base.state_vn_VN-59
ward_vn_31975,Xã Đông Hải,31975,xa,base.state_vn_VN-59
ward_vn_31985,Xã Long Điền,31985,xa,base.state_vn_VN-59
ward_vn_31988,Xã An Trạch,31988,xa,base.state_vn_VN-59
ward_vn_31993,Xã Định Thành,31993,xa,base.state_vn_VN-59
ward_vn_32002,Phường An Xuyên,32002,phuong,base.state_vn_VN-59
ward_vn_32014,Phường Lý Văn Lâm,32014,phuong,base.state_vn_VN-59
ward_vn_32025,Phường Tân Thành,32025,phuong,base.state_vn_VN-59
ward_vn_32041,Phường Hòa Thành,32041,phuong,base.state_vn_VN-59
ward_vn_32044,Xã Nguyễn Phích,32044,xa,base.state_vn_VN-59
ward_vn_32047,Xã U Minh,32047,xa,base.state_vn_VN-59
ward_vn_32059,Xã Khánh An,32059,xa,base.state_vn_VN-59
ward_vn_32062,Xã Khánh Lâm,32062,xa,base.state_vn_VN-59
ward_vn_32065,Xã Thới Bình,32065,xa,base.state_vn_VN-59
ward_vn_32069,Xã Biển Bạch,32069,xa,base.state_vn_VN-59
ward_vn_32071,Xã Trí Phải,32071,xa,base.state_vn_VN-59
ward_vn_32083,Xã Tân Lộc,32083,xa,base.state_vn_VN-59
ward_vn_32092,Xã Hồ Thị Kỷ,32092,xa,base.state_vn_VN-59
ward_vn_32095,Xã Trần Văn Thời,32095,xa,base.state_vn_VN-59
ward_vn_32098,Xã Sông Đốc,32098,xa,base.state_vn_VN-59
ward_vn_32104,Xã Đá Bạc,32104,xa,base.state_vn_VN-59
ward_vn_32110,Xã Khánh Bình,32110,xa,base.state_vn_VN-59
ward_vn_32119,Xã Khánh Hưng,32119,xa,base.state_vn_VN-59
ward_vn_32128,Xã Cái Nước,32128,xa,base.state_vn_VN-59
ward_vn_32134,Xã Lương Thế Trân,32134,xa,base.state_vn_VN-59
ward_vn_32137,Xã Tân Hưng,32137,xa,base.state_vn_VN-59
ward_vn_32140,Xã Hưng Mỹ,32140,xa,base.state_vn_VN-59
ward_vn_32152,Xã Đầm Dơi,32152,xa,base.state_vn_VN-59
ward_vn_32155,Xã Tạ An Khương,32155,xa,base.state_vn_VN-59
ward_vn_32161,Xã Trần Phán,32161,xa,base.state_vn_VN-59
ward_vn_32167,Xã Tân Thuận,32167,xa,base.state_vn_VN-59
ward_vn_32182,Xã Quách Phẩm,32182,xa,base.state_vn_VN-59
ward_vn_32185,Xã Thanh Tùng,32185,xa,base.state_vn_VN-59
ward_vn_32188,Xã Tân Tiến,32188,xa,base.state_vn_VN-59
ward_vn_32191,Xã Năm Căn,32191,xa,base.state_vn_VN-59
ward_vn_32201,Xã Đất Mới,32201,xa,base.state_vn_VN-59
ward_vn_32206,Xã Tam Giang,32206,xa,base.state_vn_VN-59
ward_vn_32212,Xã Cái Đôi Vàm,32212,xa,base.state_vn_VN-59
ward_vn_32214,Xã Phú Mỹ,32214,xa,base.state_vn_VN-59
ward_vn_32218,Xã Phú Tân,32218,xa,base.state_vn_VN-59
ward_vn_32227,Xã Nguyễn Việt Khái,32227,xa,base.state_vn_VN-59
ward_vn_32236,Xã Tân Ân,32236,xa,base.state_vn_VN-59
ward_vn_32244,Xã Phan Ngọc Hiển,32244,xa,base.state_vn_VN-59
ward_vn_32248,Xã Đất Mũi,32248,xa,base.state_vn_VN-59
